Date,CSIQ,FSLR,ENPH,DQ,JKS,SEDG,SPWR
2020-01-02,22.52,57.240002,29.34,10.996,23.84,101.809998,5.127701
2020-01-03,21.799999,57.02,29.290001,10.89,22.59,102.379997,4.826457
2020-01-06,22.32,55.830002,29.66,10.77,22.49,99.629997,4.891945
2020-01-07,22.360001,56.669998,29.99,10.672,22.74,101.790001,5.003274
2020-01-08,22.57,56.700001,31.0,10.876,22.23,104.160004,5.02947
2020-01-09,22.889999,56.700001,31.59,11.134,22.780001,102.739998,5.166994
2020-01-10,22.549999,56.5,30.67,11.212,22.540001,104.519997,5.068762
2020-01-13,23.059999,57.439999,30.790001,11.888,23.09,103.080002,5.507531
2020-01-14,23.450001,58.779999,30.200001,11.786,24.35,104.019997,5.664702
2020-01-15,23.280001,54.75,30.16,11.014,23.200001,103.610001,5.651604
2020-01-16,23.02,53.93,30.83,10.73,22.620001,102.699997,5.756385
2020-01-17,22.41,53.52,31.5,10.726,22.83,104.75,5.743287
2020-01-21,22.01,51.549999,31.26,11.084,22.209999,107.529999,5.743287
2020-01-22,21.77,50.560001,31.620001,10.618,21.200001,108.459999,5.710544
2020-01-23,21.389999,52.02,32.07,10.472,20.719999,108.730003,5.933202
2020-01-24,21.08,51.939999,32.700001,10.262,20.389999,110.129997,5.749836
2020-01-27,20.209999,50.490002,29.950001,10.076,19.389999,96.25,5.494434
2020-01-28,20.719999,51.110001,32.240002,10.194,19.66,103.360001,5.671251
2020-01-29,20.5,50.900002,32.560001,10.656,19.6,102.709999,5.671251
2020-01-30,20.5,50.720001,33.490002,10.452,19.440001,103.220001,5.717092
2020-01-31,20.049999,49.580002,31.52,10.116,18.700001,97.860001,5.579568
2020-02-03,20.620001,50.240002,32.919998,10.378,19.360001,100.980003,5.749836
2020-02-04,21.299999,52.669998,36.900002,11.496,20.51,107.809998,6.077276
2020-02-05,21.66,53.099998,36.91,11.656,21.540001,104.470001,6.240995
2020-02-06,21.85,52.650002,38.389999,12.548,22.25,103.940002,6.411264
2020-02-07,21.219999,52.459999,38.049999,11.55,21.639999,100.620003,6.234447
2020-02-10,21.370001,52.75,38.610001,11.574,21.690001,102.599998,6.221349
2020-02-11,22.84,53.529999,39.66,13.348,25.74,106.029999,6.476752
2020-02-12,24.129999,56.119999,41.5,15.05,28.639999,111.860001,7.164375
2020-02-13,23.92,54.610001,41.34,14.296,25.73,111.160004,5.776031
2020-02-14,23.32,55.259998,41.09,14.512,25.5,111.209999,5.46169
2020-02-18,23.51,55.650002,40.169998,14.716,25.66,108.379997,6.031434
2020-02-19,24.639999,57.369999,57.220001,15.528,28.219999,127.82,6.823838
2020-02-20,24.469999,59.32,58.740002,15.304,28.24,142.199997,7.000655
2020-02-21,23.01,50.59,59.09,15.242,27.209999,142.070007,6.679764
2020-02-24,21.799999,51.209999,55.259998,14.576,26.549999,135.630005,6.509496
2020-02-25,21.85,48.57,50.900002,14.206,25.83,133.0,6.227898
2020-02-26,21.67,46.110001,51.869999,14.234,25.42,132.410004,5.815324
2020-02-27,20.629999,44.25,48.759998,13.394,23.59,125.949997,5.474787
2020-02-28,20.4,45.77,48.970001,13.114,22.84,124.720001,5.612312
2020-03-02,20.610001,44.950001,51.400002,12.98,22.889999,128.699997,5.710544
2020-03-03,20.91,44.209999,52.369999,12.646,21.9,128.660004,5.834971
2020-03-04,21.469999,45.48,53.470001,12.664,22.6,135.710007,6.044532
2020-03-05,21.5,45.470001,56.689999,12.334,23.0,137.539993,6.123117
2020-03-06,20.309999,43.369999,53.049999,11.8,22.190001,133.339996,5.599214
2020-03-09,17.35,39.150002,43.380001,10.146,18.35,111.660004,4.505566
2020-03-10,18.209999,41.080002,45.59,11.37,19.25,116.919998,4.499018
2020-03-11,17.889999,37.23,41.73,11.54,19.0,106.110001,4.073346
2020-03-12,16.280001,36.560001,33.02,10.57,17.809999,90.720001,3.313687
2020-03-13,16.799999,35.959999,32.860001,11.33,17.41,91.110001,3.313687
2020-03-16,13.24,31.540001,27.450001,10.52,12.36,81.190002,2.940406
2020-03-17,14.8,32.259998,29.280001,11.07,13.55,84.709999,3.510151
2020-03-18,13.47,30.200001,23.99,8.566,12.51,76.730003,3.222004
2020-03-19,14.06,33.459999,26.25,9.732,13.02,76.809998,3.641126
2020-03-20,14.71,33.689999,26.0,9.116,13.32,69.610001,3.804846
2020-03-23,14.43,33.07,27.51,8.896,13.92,69.480003,4.034054
2020-03-24,15.4,33.709999,34.34,11.384,16.75,85.309998,4.440079
2020-03-25,15.45,34.790001,36.810001,11.964,16.48,89.900002,4.368042
2020-03-26,17.42,37.619999,36.130001,11.926,17.290001,90.449997,4.178127
2020-03-27,15.28,35.630001,32.380001,10.756,14.85,82.370003,3.582187
2020-03-30,15.64,36.060001,32.0,11.118,14.93,81.639999,3.529797
2020-03-31,15.91,36.060001,32.290001,11.584,14.85,81.879997,3.320236
2020-04-01,14.74,33.439999,29.77,10.09,13.6,78.82,3.104126
2020-04-02,15.29,35.310001,29.92,10.818,14.18,76.970001,3.208906
2020-04-03,14.9,34.380001,28.690001,10.284,14.07,74.480003,3.097577
2020-04-06,16.370001,36.75,34.049999,10.536,14.9,85.150002,3.634578
2020-04-07,16.18,37.349998,35.040001,10.038,15.23,88.800003,3.706614
2020-04-08,16.889999,38.900002,37.93,10.624,15.7,93.07,3.876883
2020-04-09,16.879999,40.450001,38.060001,9.982,15.93,96.639999,4.119188
2020-04-13,17.08,40.610001,37.779999,10.552,16.57,92.209999,4.197773
2020-04-14,17.75,42.119999,41.400002,10.46,17.08,98.68,4.368042
2020-04-15,17.190001,40.93,39.610001,9.954,16.41,92.010002,4.243615
2020-04-16,16.780001,40.150002,38.790001,9.644,16.18,94.989998,4.237066
2020-04-17,17.299999,42.200001,38.959999,9.338,16.57,97.099998,4.368042
2020-04-20,16.780001,41.0,39.009998,9.584,15.91,93.660004,4.125737
2020-04-21,15.87,39.18,35.509998,8.932,14.8,86.690002,4.027505
2020-04-22,16.43,40.23,38.240002,9.442,15.47,95.510002,4.178127
2020-04-23,16.969999,42.290001,39.48,9.436,15.77,100.699997,4.479371
2020-04-24,16.860001,40.84,37.73,9.244,15.19,100.730003,4.374591
2020-04-27,17.24,43.259998,37.209999,9.486,15.68,104.690002,4.505566
2020-04-28,17.23,41.77,43.0,9.628,15.22,109.790001,4.656189
2020-04-29,18.58,45.549999,48.990002,10.242,16.24,122.419998,5.062213
2020-04-30,17.84,44.009998,46.830002,10.426,15.82,111.589996,4.81336
2020-05-01,17.139999,41.98,43.25,9.926,14.8,104.959999,4.48592
2020-05-04,17.58,43.400002,43.98,9.64,15.36,107.139999,4.662737
2020-05-05,17.540001,43.099998,44.369999,9.786,15.03,107.860001,4.715128
2020-05-06,18.1,43.119999,52.68,11.106,15.62,125.75,4.91814
2020-05-07,18.09,44.66,54.490002,10.936,15.92,109.739998,4.75442
2020-05-08,18.540001,44.16,57.279999,11.256,15.82,118.32,5.049116
2020-05-11,18.26,42.869999,59.580002,11.054,15.81,122.940002,4.826457
2020-05-12,17.709999,40.349998,59.27,10.78,15.13,121.0,4.629993
2020-05-13,17.200001,39.43,57.470001,10.022,14.62,117.730003,4.459725
2020-05-14,16.809999,39.790001,56.98,9.746,14.75,119.480003,4.237066
2020-05-15,17.049999,39.369999,58.380001,9.64,14.53,120.440002,4.151932
2020-05-18,17.98,42.369999,64.419998,10.212,15.6,128.0,4.695481
2020-05-19,19.27,43.23,67.040001,10.974,17.1,134.860001,4.891945
2020-05-20,18.92,43.939999,64.169998,11.892,16.77,137.25,4.675835
2020-05-21,18.709999,43.759998,59.93,11.562,15.89,136.509995,4.499018
2020-05-22,18.200001,43.470001,56.419998,10.456,15.05,130.389999,4.400786
2020-05-26,19.049999,46.560001,58.43,10.502,15.84,136.539993,4.767518
2020-05-27,19.280001,46.610001,57.860001,10.378,15.78,137.240005,4.774067
2020-05-28,18.139999,45.52,55.799999,10.058,15.22,135.289993,4.59725
2020-05-29,18.799999,46.619999,58.189999,10.234,15.81,141.899994,4.728225
2020-06-01,18.709999,48.009998,59.68,10.856,15.6,150.699997,4.846103
2020-06-02,18.4,47.900002,56.950001,10.688,15.58,148.970001,4.826457
2020-06-03,19.09,49.5,53.32,11.098,16.860001,150.589996,5.094957
2020-06-04,19.23,49.610001,51.639999,11.234,17.42,142.399994,4.97053
2020-06-05,19.23,51.380001,54.59,11.776,18.049999,148.279999,5.239031
2020-06-08,20.200001,54.439999,52.900002,12.398,19.129999,150.889999,5.841519
2020-06-09,19.1,53.060001,51.580002,11.47,17.969999,148.839996,5.284872
2020-06-10,18.440001,51.189999,49.349998,11.748,18.190001,147.369995,5.003274
2020-06-11,16.950001,48.939999,47.66,11.312,16.959999,138.690002,4.584152
2020-06-12,17.74,49.419998,48.630001,11.602,17.85,142.050003,4.826457
2020-06-15,17.84,50.110001,50.450001,11.366,16.27,148.199997,4.819908
2020-06-16,18.07,51.310001,52.759998,11.166,16.280001,153.100006,5.022921
2020-06-17,17.41,49.900002,39.040001,11.398,15.87,145.270004,4.610347
2020-06-18,17.76,50.470001,45.720001,11.882,15.65,151.0,4.636542
2020-06-19,18.049999,50.200001,46.720001,11.996,16.040001,153.600006,4.767518
2020-06-22,17.76,49.799999,45.560001,12.042,15.67,152.979996,4.675835
2020-06-23,18.43,51.919998,45.490002,13.77,16.9,151.339996,4.885396
2020-06-24,18.66,49.080002,46.68,14.662,17.41,148.479996,4.734774
2020-06-25,19.139999,50.380001,45.799999,14.292,17.68,137.175003,5.042567
2020-06-26,18.469999,48.759998,45.299999,13.952,16.98,129.529999,4.721676
2020-06-29,19.030001,49.610001,47.450001,15.264,17.9,137.059998,4.891945
2020-06-30,19.27,49.5,47.57,14.848,17.709999,138.779999,5.016372
2020-07-01,19.33,49.09,49.060001,17.191999,18.799999,141.389999,4.996726
2020-07-02,20.040001,49.880001,48.860001,17.030001,19.139999,143.110001,5.08186
2020-07-06,22.1,53.41,50.16,19.434,21.469999,148.880005,5.553373
2020-07-07,22.290001,53.16,50.639999,17.738001,21.360001,146.570007,5.638507
2020-07-08,23.67,58.060001,54.93,18.434,22.9,157.919998,6.168959
2020-07-09,23.889999,57.200001,55.790001,17.997999,21.940001,157.169998,6.404715
2020-07-10,23.4,57.490002,55.43,17.924,21.0,159.440002,6.044532
2020-07-13,23.15,56.209999,52.32,17.534,20.719999,154.679993,5.874263
2020-07-14,23.690001,61.779999,55.880001,18.552,20.9,168.199997,6.463654
2020-07-15,23.73,60.98,57.950001,18.628,21.66,174.850006,6.941716
2020-07-16,22.799999,59.029999,57.740002,17.521999,19.860001,164.75,6.411264
2020-07-17,23.43,61.0,59.310001,17.742001,20.530001,171.580002,6.293386
2020-07-20,24.879999,62.16,63.540001,22.222,22.25,176.300003,6.777996
2020-07-21,23.23,60.740002,61.099998,21.356001,20.33,170.380005,6.411264
2020-07-22,23.0,61.150002,62.080002,21.892,19.98,175.649994,6.457105
2020-07-23,22.959999,62.5,61.669998,21.889999,20.360001,176.289993,6.627374
2020-07-24,22.76,62.16,59.650002,21.709999,19.1,171.600006,6.37852
2020-07-27,24.629999,62.259998,62.220001,21.878,20.290001,180.740005,6.981009
2020-07-28,23.01,59.68,57.23,20.854,19.280001,170.539993,6.411264
2020-07-29,22.77,60.110001,59.119999,21.0,19.51,176.759995,6.37852
2020-07-30,22.549999,59.700001,59.139999,22.194,19.43,175.259995,6.247544
2020-07-31,22.139999,59.549999,60.360001,22.181999,19.15,175.100006,6.11002
2020-08-03,22.42,60.84,61.209999,23.322001,19.950001,173.559998,6.483301
2020-08-04,23.98,64.040001,68.949997,24.844,21.299999,196.149994,7.275704
2020-08-05,23.77,65.730003,74.989998,24.93,21.27,216.059998,7.531107
2020-08-06,23.620001,64.459999,71.370003,23.77,20.950001,206.320007,7.308448
2020-08-07,25.32,72.93,72.839996,24.51,21.879999,211.470001,7.766863
2020-08-10,24.459999,72.5,71.839996,23.827999,21.07,211.5,7.94368
2020-08-11,24.040001,70.190002,67.300003,23.209999,20.41,204.080002,7.616241
2020-08-12,25.030001,73.529999,71.190002,23.806,21.49,215.179993,7.799607
2020-08-13,26.379999,75.709999,74.879997,23.190001,22.0,225.179993,7.629339
2020-08-14,25.889999,74.309998,73.160004,22.427999,21.35,219.210007,7.432875
2020-08-17,25.940001,73.610001,75.059998,22.882,21.620001,219.330002,7.518009
2020-08-18,26.700001,74.410004,75.160004,24.483999,22.9,219.020004,7.694826
2020-08-19,26.59,75.849998,75.489998,25.038,22.58,220.710007,7.799607
2020-08-20,25.690001,73.660004,73.089996,24.573999,21.360001,217.199997,7.354289
2020-08-21,25.959999,74.099998,73.139999,24.601999,21.52,213.289993,7.662083
2020-08-24,27.059999,76.519997,73.360001,24.917999,22.219999,210.839996,7.956778
2020-08-25,27.719999,77.370003,75.93,26.674,22.32,213.160004,8.696791
2020-08-26,28.049999,78.190002,75.239998,25.771999,21.91,214.919998,8.91945
2020-08-27,28.639999,77.610001,73.440002,24.639999,21.620001,210.440002,11.05
2020-08-28,32.52,80.0,76.040001,25.034,23.25,221.190002,11.43
2020-08-31,32.490002,76.589996,77.230003,22.562,22.84,221.149994,11.19
2020-09-01,33.75,78.419998,78.709999,22.712,23.16,223.759995,11.93
2020-09-02,33.490002,77.449997,77.019997,22.374001,22.92,220.330002,12.05
2020-09-03,30.83,72.5,67.800003,20.188,20.41,195.449997,11.22
2020-09-04,30.299999,72.059998,66.160004,19.856001,20.110001,194.610001,11.09
2020-09-08,29.860001,69.370003,65.050003,20.062,20.059999,189.050003,10.99
2020-09-09,30.969999,71.699997,67.709999,19.774,20.75,193.559998,11.73
2020-09-10,27.68,69.889999,66.099998,19.306,20.48,187.0,10.66
2020-09-11,28.42,69.910004,65.099998,22.514,21.139999,183.960007,10.64
2020-09-14,30.139999,71.459999,69.489998,23.378,22.809999,196.119995,10.97
2020-09-15,31.27,72.889999,72.160004,24.0,23.35,199.0,11.02
2020-09-16,30.48,71.959999,72.830002,23.774,23.700001,201.759995,10.69
2020-09-17,29.52,64.0,66.870003,22.844,23.43,187.029999,9.89
2020-09-18,29.280001,61.75,68.269997,22.282,24.5,186.210007,10.11
2020-09-21,29.43,61.669998,70.720001,22.556,27.450001,190.410004,10.03
2020-09-22,29.65,61.549999,72.230003,23.021999,27.66,185.199997,10.17
2020-09-23,30.280001,62.02,70.269997,24.903999,33.459999,189.440002,10.21
2020-09-24,29.9,61.299999,69.410004,24.278,32.830002,191.729996,10.14
2020-09-25,32.18,63.049999,73.620003,24.374001,35.59,200.960007,10.66
2020-09-28,34.02,65.370003,78.139999,25.983999,37.77,218.289993,11.7
2020-09-29,34.040001,65.760002,80.800003,26.110001,39.25,231.5,11.96
2020-09-30,35.099998,66.199997,82.589996,27.048,39.759998,238.350006,12.51
2020-10-01,36.349998,68.57,89.510002,29.832001,42.740002,248.869995,13.36
2020-10-02,35.900002,67.239998,90.43,29.757999,44.130001,251.580002,13.56
2020-10-05,38.25,71.5,98.050003,33.599998,48.32,272.589996,15.56
2020-10-06,38.919998,73.440002,98.57,34.400002,47.77,271.869995,15.61
2020-10-07,40.779999,78.709999,107.82,37.756001,55.91,305.149994,17.33
2020-10-08,39.48,77.120003,105.5,37.307999,54.959999,289.0,16.889999
2020-10-09,41.619999,78.809998,109.18,39.306,62.84,305.350006,17.43
2020-10-12,37.849998,79.309998,104.43,39.226002,59.400002,297.940002,16.52
2020-10-13,39.240002,82.93,106.650002,42.444,62.650002,299.649994,16.66
2020-10-14,39.700001,83.720001,108.970001,43.751999,68.029999,304.519989,16.870001
2020-10-15,38.91,82.279999,110.709999,40.335999,66.870003,302.5,16.98
2020-10-16,37.970001,84.18,110.839996,40.001999,69.910004,302.019989,16.969999
2020-10-19,39.459999,83.43,114.690002,42.228001,75.629997,309.100006,17.52
2020-10-20,44.119999,84.300003,116.139999,48.397999,87.550003,309.799988,17.690001
2020-10-21,39.509998,81.599998,101.529999,39.821999,68.610001,279.589996,16.120001
2020-10-22,39.900002,82.650002,103.459999,39.599998,69.370003,280.390015,16.41
2020-10-23,40.369999,85.370003,103.330002,39.618,64.389999,282.880005,16.860001
2020-10-26,38.740002,83.75,103.669998,35.762001,64.919998,273.0,16.42
2020-10-27,38.009998,82.389999,98.629997,34.778,59.459999,261.839996,15.49
2020-10-28,37.990002,93.309998,102.809998,35.875999,59.720001,263.829987,16.200001
2020-10-29,37.68,87.459999,102.510002,37.537998,61.02,270.089996,16.389999
2020-10-30,36.349998,87.050003,98.089996,36.521999,58.299999,257.690002,15.99
2020-11-02,36.959999,88.889999,103.830002,39.824001,62.77,267.720001,16.85
2020-11-03,36.73,87.239998,104.75,40.028,64.120003,206.369995,17.049999
2020-11-04,35.700001,79.779999,106.190002,37.341999,56.330002,206.559998,16.57
2020-11-05,39.970001,86.900002,120.260002,44.284,72.349998,233.630005,19.389999
2020-11-06,39.849998,88.269997,122.529999,44.557999,65.330002,237.509995,20.33
2020-11-09,39.32,86.110001,117.080002,41.897999,62.490002,232.520004,19.26
2020-11-10,38.93,80.75,109.389999,40.0,61.169998,225.509995,18.57
2020-11-11,40.509998,84.199997,120.43,44.374001,67.760002,235.190002,19.51
2020-11-12,39.419998,81.400002,117.209999,42.630001,63.439999,227.199997,18.73
2020-11-13,38.830002,79.949997,116.589996,43.476002,64.5,221.600006,18.99
2020-11-16,38.73,80.209999,119.93,43.683998,62.470001,228.279999,19.73
2020-11-17,39.689999,81.480003,125.120003,43.580002,61.700001,233.179993,20.440001
2020-11-18,38.720001,81.989998,124.919998,39.869999,59.439999,232.820007,19.85
2020-11-19,37.16,84.059998,128.889999,40.080002,59.23,244.050003,21.030001
2020-11-20,38.43,84.690002,129.589996,41.709999,62.709999,257.98999,21.700001
2020-11-23,39.830002,86.919998,134.429993,40.84,67.050003,264.799988,21.93
2020-11-24,40.619999,90.410004,136.020004,42.529999,67.040001,268.970001,22.99
2020-11-25,42.900002,92.449997,139.070007,43.09,68.510002,275.970001,23.35
2020-11-27,44.169998,94.699997,140.559998,45.259998,72.370003,288.230011,23.16
2020-11-30,42.759998,93.43,136.570007,43.02,69.040001,277.980011,22.16
2020-12-01,41.98,91.059998,128.850006,40.32,64.599998,274.070007,21.24
2020-12-02,41.900002,90.489998,127.93,40.139999,63.07,273.5,21.65
2020-12-03,40.439999,88.919998,127.669998,39.200001,61.380001,272.329987,20.690001
2020-12-04,40.529999,89.260002,130.460007,39.720001,61.400002,271.970001,20.91
2020-12-07,39.709999,88.75,129.320007,39.16,58.360001,278.320007,21.049999
2020-12-08,39.959999,89.889999,134.740005,41.709999,62.419998,284.859985,22.18
2020-12-09,37.529999,86.220001,127.260002,41.02,57.860001,271.76001,20.82
2020-12-10,38.009998,86.540001,131.210007,42.490002,57.5,273.480011,21.16
2020-12-11,37.950001,86.370003,139.910004,43.139999,53.0,291.51001,21.5
2020-12-14,38.650002,86.589996,145.070007,48.310001,53.700001,293.320007,21.99
2020-12-15,43.02,91.260002,160.460007,55.990002,63.25,313.769989,24.870001
2020-12-16,42.099998,91.769997,163.309998,57.279999,61.650002,309.720001,25.01
2020-12-17,41.360001,92.32,163.520004,57.139999,59.290001,305.700012,24.620001
2020-12-18,45.02,93.589996,164.410004,58.259998,65.25,314.5,25.5
2020-12-21,47.98,96.410004,170.779999,61.220001,71.309998,318.619995,27.51
2020-12-22,53.16,105.160004,177.270004,64.790001,78.519997,322.519989,30.65
2020-12-23,52.93,101.830002,180.320007,58.389999,79.959999,323.980011,30.040001
2020-12-24,52.709999,102.400002,181.389999,54.77,72.209999,324.089996,29.870001
2020-12-28,51.259998,101.190002,175.490005,56.650002,68.860001,318.410004,26.309999
2020-12-29,49.509998,96.980003,170.199997,55.790001,65.5,307.970001,24.73
2020-12-30,50.68,100.339996,172.929993,57.060001,64.089996,319.100006,25.889999
2020-12-31,51.240002,98.919998,175.470001,57.360001,61.869999,319.119995,25.639999
2021-01-04,52.639999,101.239998,172.240005,62.330002,64.07,311.350006,25.309999
2021-01-05,50.52,92.160004,181.479996,68.800003,64.730003,316.809998,24.74
2021-01-06,54.310001,99.690002,203.380005,73.5,68.660004,348.130005,29.73
2021-01-07,56.610001,105.5,213.759995,79.779999,72.309998,365.970001,31.299999
2021-01-08,56.07,104.099998,207.410004,77.110001,66.400002,356.109985,29.299999
2021-01-11,56.200001,103.760002,201.679993,76.529999,66.269997,352.049988,29.65
2021-01-12,55.98,104.32,206.490005,85.300003,65.970001,346.299988,30.24
2021-01-13,54.450001,104.18,203.690002,77.410004,63.0,335.399994,31.59
2021-01-14,55.619999,106.040001,208.830002,75.669998,62.419998,335.399994,35.080002
2021-01-15,51.27,96.580002,190.589996,72.0,57.990002,282.26001,31.959999
2021-01-19,55.029999,100.239998,201.279999,82.830002,63.389999,295.049988,36.849998
2021-01-20,57.220001,101.75,199.399994,83.559998,67.029999,297.179993,37.369999
2021-01-21,64.150002,107.529999,212.089996,94.470001,68.349998,317.179993,43.779999
2021-01-22,63.0,106.669998,212.070007,96.769997,68.5,321.119995,47.209999
2021-01-25,60.57,104.940002,202.729996,96.139999,67.900002,310.119995,47.330002
2021-01-26,60.459999,104.690002,187.339996,101.889999,69.839996,296.679993,53.919998
2021-01-27,58.900002,102.809998,179.020004,103.879997,70.489998,285.51001,52.34
2021-01-28,57.48,105.099998,193.740005,97.339996,66.519997,309.73999,52.889999
2021-01-29,54.75,99.150002,182.350006,88.059998,61.990002,288.329987,54.009998
2021-02-01,55.849998,98.309998,186.339996,103.410004,63.689999,300.820007,48.689999
2021-02-02,57.77,97.290001,192.630005,115.849998,65.139999,307.049988,43.759998
2021-02-03,59.209999,98.940002,196.339996,119.699997,65.550003,307.079987,44.790001
2021-02-04,58.169998,98.589996,195.630005,108.669998,62.43,301.700012,40.130001
2021-02-05,57.880001,97.400002,193.199997,109.190002,63.650002,308.23999,43.529999
2021-02-08,59.5,100.330002,197.869995,114.089996,64.910004,318.829987,45.349998
2021-02-09,60.73,101.849998,200.100006,124.129997,64.120003,325.920013,49.119999
2021-02-10,60.75,99.879997,202.070007,119.529999,62.849998,320.399994,49.139999
2021-02-11,61.23,99.589996,199.080002,118.910004,64.989998,330.779999,49.959999
2021-02-12,60.470001,100.75,206.509995,123.830002,65.349998,330.890015,49.810001
2021-02-16,57.880001,98.709999,193.5,120.220001,63.869999,331.350006,46.540001
2021-02-17,55.82,95.839996,189.339996,112.510002,61.029999,334.799988,43.610001
2021-02-18,52.009998,91.379997,180.839996,107.269997,57.560001,316.089996,36.330002
2021-02-19,52.779999,90.959999,189.740005,104.800003,58.139999,321.98999,37.759998
2021-02-22,48.040001,86.610001,167.860001,95.25,52.299999,288.700012,33.529999
2021-02-23,46.349998,86.970001,170.889999,92.75,50.41,295.579987,35.389999
2021-02-24,48.759998,88.029999,180.869995,105.400002,53.970001,308.149994,37.75
2021-02-25,45.619999,81.400002,167.369995,97.900002,49.939999,284.329987,34.59
2021-02-26,46.93,81.019997,176.059998,104.25,51.34,298.309998,34.77
2021-03-01,49.59,84.889999,186.449997,117.459999,53.41,307.950012,38.189999
2021-03-02,47.939999,83.190002,171.690002,109.900002,51.040001,291.589996,35.150002
2021-03-03,43.419998,78.879997,161.119995,94.510002,46.0,274.730011,32.950001
2021-03-04,41.459999,75.360001,149.880005,86.139999,40.900002,256.26001,31.27
2021-03-05,40.580002,73.699997,143.550003,79.980003,42.450001,249.429993,30.68
2021-03-08,39.610001,71.449997,132.059998,72.040001,38.080002,246.710007,29.09
2021-03-09,43.93,76.669998,148.699997,87.980003,46.48,280.01001,32.25
2021-03-10,43.32,75.720001,152.429993,78.379997,44.52,279.670013,32.299999
2021-03-11,46.950001,81.019997,165.339996,91.209999,50.119999,295.230011,35.919998
2021-03-12,45.98,81.949997,164.710007,94.220001,49.380001,291.480011,36.299999
2021-03-15,44.84,82.529999,174.160004,88.07,46.790001,297.209991,36.950001
2021-03-16,42.52,82.459999,166.309998,85.730003,45.919998,285.600006,34.0
2021-03-17,41.400002,80.139999,163.820007,87.989998,44.669998,291.429993,33.290001
2021-03-18,42.860001,77.610001,148.479996,81.209999,42.540001,266.48999,30.67
2021-03-19,45.43,79.970001,154.949997,79.230003,43.619999,280.940002,31.860001
2021-03-22,48.799999,81.830002,161.110001,80.470001,45.080002,289.170013,34.439999
2021-03-23,47.419998,80.519997,155.970001,74.440002,43.700001,278.369995,32.150002
2021-03-24,44.990002,80.720001,147.979996,66.089996,39.389999,267.589996,30.690001
2021-03-25,44.43,80.730003,148.479996,68.019997,41.290001,270.029999,31.559999
2021-03-26,46.84,85.690002,152.070007,70.339996,43.959999,275.75,32.869999
2021-03-29,45.080002,81.610001,142.139999,62.16,38.810001,260.040009,29.24
2021-03-30,48.869999,86.529999,150.600006,70.580002,44.27,271.170013,31.52
2021-03-31,49.630001,87.300003,162.160004,75.5,41.689999,287.440002,33.450001
2021-04-01,48.509998,86.150002,162.690002,75.190002,42.549999,283.390015,33.240002
2021-04-05,46.419998,83.120003,149.419998,70.120003,40.25,268.970001,32.5
2021-04-06,47.75,84.209999,157.919998,71.25,41.939999,277.25,32.529999
2021-04-07,45.720001,81.0,150.009995,68.080002,39.73,262.450012,29.540001
2021-04-08,44.82,81.190002,153.130005,66.220001,38.860001,262.089996,29.379999
2021-04-09,43.369999,79.610001,151.350006,69.290001,38.650002,263.950012,29.709999
2021-04-12,43.27,78.75,151.869995,67.220001,36.360001,263.200012,28.200001
2021-04-13,43.540001,78.989998,153.089996,67.919998,36.169998,269.440002,28.549999
2021-04-14,42.66,78.57,151.910004,66.300003,36.560001,266.209991,28.41
2021-04-15,42.709999,77.169998,145.789993,67.650002,35.810001,256.019989,26.440001
2021-04-16,44.110001,80.139999,150.009995,70.260002,37.880001,258.709991,27.370001
2021-04-19,42.59,80.209999,141.139999,66.940002,37.009998,244.860001,26.540001
2021-04-20,42.91,79.360001,147.0,69.040001,36.970001,243.869995,25.93
2021-04-21,44.5,83.650002,155.080002,74.889999,38.209999,255.089996,27.379999
2021-04-22,44.82,87.150002,160.880005,85.599998,39.650002,274.700012,27.66
2021-04-23,45.75,88.559998,166.970001,89.510002,39.23,279.429993,29.01
2021-04-26,46.259998,89.790001,172.649994,91.989998,39.950001,289.549988,29.49
2021-04-27,45.57,89.690002,171.100006,85.620003,39.66,290.140015,29.0
2021-04-28,44.009998,88.699997,146.910004,85.720001,38.759998,282.5,27.91
2021-04-29,42.889999,87.290001,143.399994,83.580002,37.93,275.76001,27.139999
2021-04-30,41.240002,76.529999,139.25,80.489998,36.959999,263.540009,25.690001
2021-05-03,41.330002,75.769997,136.410004,79.540001,36.889999,260.059998,24.860001
2021-05-04,39.200001,73.82,127.830002,74.510002,34.16,218.570007,23.0
2021-05-05,39.009998,74.389999,126.879997,77.199997,33.52,219.229996,23.280001
2021-05-06,39.200001,73.629997,121.940002,73.589996,31.99,214.130005,22.559999
2021-05-07,39.630001,74.620003,122.959999,74.699997,32.41,220.399994,23.370001
2021-05-10,37.380001,72.190002,118.120003,72.150002,30.26,213.339996,21.440001
2021-05-11,38.110001,71.889999,121.419998,75.459999,31.379999,217.940002,22.26
2021-05-12,35.549999,69.730003,117.169998,72.370003,30.51,208.240005,21.25
2021-05-13,35.25,69.57,114.610001,65.110001,30.709999,204.009995,20.91
2021-05-14,36.619999,72.580002,119.779999,71.730003,31.469999,218.869995,22.24
2021-05-17,36.099998,71.550003,118.419998,71.239998,30.440001,218.009995,21.950001
2021-05-18,36.209999,72.389999,122.510002,71.230003,30.719999,221.720001,22.200001
2021-05-19,36.959999,74.239998,130.669998,76.769997,31.709999,233.490005,23.059999
2021-05-20,39.290001,76.639999,141.820007,78.410004,34.169998,249.520004,23.82
2021-05-21,39.049999,75.93,142.279999,77.959999,34.09,252.309998,23.540001
2021-05-24,38.41,75.379997,140.869995,72.589996,33.27,254.770004,23.440001
2021-05-25,38.18,74.800003,138.529999,71.980003,33.119999,251.75,22.67
2021-05-26,41.0,77.529999,143.039993,78.629997,35.98,259.049988,23.540001
2021-05-27,39.610001,76.93,142.309998,77.940002,35.34,256.559998,23.76
2021-05-28,39.580002,76.110001,143.050003,74.379997,36.610001,258.01001,23.389999
2021-06-01,40.119999,76.879997,139.440002,78.949997,39.419998,248.470001,23.190001
2021-06-02,39.77,76.959999,139.169998,76.400002,41.830002,247.479996,24.26
2021-06-03,38.240002,75.370003,134.130005,76.93,40.110001,238.490005,22.549999
2021-06-04,38.830002,75.839996,134.699997,80.839996,41.209999,241.839996,22.84
2021-06-07,37.849998,75.010002,137.470001,74.489998,38.389999,233.270004,23.200001
2021-06-08,39.169998,75.959999,139.149994,70.769997,39.110001,238.699997,25.0
2021-06-09,38.59,76.809998,136.970001,68.75,40.25,235.240005,24.43
2021-06-10,39.900002,80.400002,143.5,67.449997,41.209999,239.690002,26.440001
2021-06-11,40.27,79.589996,147.130005,68.690002,46.209999,243.169998,25.9
2021-06-14,40.25,78.610001,147.649994,68.660004,45.299999,242.869995,26.040001
2021-06-15,38.139999,76.169998,144.919998,65.040001,40.310001,238.860001,24.02
2021-06-16,37.810001,77.400002,152.020004,64.160004,40.299999,247.559998,24.620001
2021-06-17,39.43,78.529999,161.990005,61.41,39.959999,263.179993,26.719999
2021-06-18,39.389999,76.970001,165.850006,60.5,39.349998,264.230011,25.370001
2021-06-21,38.34,78.190002,163.080002,58.700001,41.25,258.609985,25.41
2021-06-22,37.950001,78.379997,167.300003,56.5,37.139999,260.440002,25.51
2021-06-23,38.720001,80.190002,170.240005,58.080002,38.369999,265.079987,27.049999
2021-06-24,38.689999,84.510002,170.770004,56.48,37.860001,267.279999,27.780001
2021-06-25,40.43,87.870003,175.389999,58.66,43.0,267.709991,27.440001
2021-06-28,45.5,92.709999,188.330002,66.169998,52.849998,284.660004,30.68
2021-06-29,47.119999,92.669998,185.710007,66.779999,57.560001,283.570007,29.889999
2021-06-30,44.84,90.510002,183.630005,65.019997,56.02,276.369995,29.219999
2021-07-01,43.639999,90.169998,183.110001,66.040001,52.07,274.880005,28.9
2021-07-02,43.080002,90.82,186.410004,62.549999,50.400002,276.230011,28.809999
2021-07-06,43.740002,91.190002,188.809998,66.830002,54.349998,274.790009,29.59
2021-07-07,43.049999,91.269997,181.830002,71.25,60.139999,265.200012,28.190001
2021-07-08,41.299999,89.910004,179.720001,68.989998,58.790001,261.140015,27.58
2021-07-09,40.810001,92.540001,183.800003,67.800003,56.759998,267.679993,27.92
2021-07-12,43.09,94.290001,185.720001,68.269997,61.900002,268.649994,29.040001
2021-07-13,42.040001,92.790001,184.059998,72.349998,61.779999,265.369995,28.049999
2021-07-14,39.610001,90.040001,170.789993,68.940002,56.720001,245.460007,23.940001
2021-07-15,38.669998,85.599998,165.289993,68.830002,60.259998,241.210007,23.5
2021-07-16,37.639999,83.489998,163.449997,66.43,58.0,236.559998,22.65
2021-07-19,37.75,83.050003,165.279999,64.339996,54.209999,240.160004,23.34
2021-07-20,38.200001,82.68,172.089996,66.080002,56.189999,245.759995,24.139999
2021-07-21,40.009998,85.190002,179.789993,79.379997,61.560001,258.959991,25.43
2021-07-22,39.68,83.68,178.940002,67.669998,60.889999,257.390015,24.549999
2021-07-23,39.02,82.949997,178.179993,59.07,56.75,248.630005,23.75
2021-07-26,38.060001,81.349998,176.679993,56.48,53.669998,245.619995,23.700001
2021-07-27,38.310001,81.360001,172.860001,53.75,46.240002,240.0,23.110001
2021-07-28,40.02,83.480003,181.419998,60.360001,53.279999,254.139999,24.23
2021-07-29,40.709999,83.739998,182.059998,59.389999,52.950001,261.130005,24.629999
2021-07-30,40.25,86.040001,189.600006,59.25,53.889999,259.480011,24.77
2021-08-02,39.869999,88.269997,183.110001,61.029999,54.75,257.720001,24.18
2021-08-03,41.599998,92.339996,192.619995,60.84,57.09,299.809998,25.309999
2021-08-04,41.41,92.209999,193.929993,59.77,55.91,292.730011,23.02
2021-08-05,40.060001,91.620003,183.449997,58.560001,55.68,286.390015,23.5
2021-08-06,40.009998,93.150002,179.740005,58.150002,55.18,295.279999,23.290001
2021-08-09,40.849998,94.709999,185.559998,60.630001,58.310001,294.940002,23.93
2021-08-10,42.0,95.75,184.089996,60.84,59.43,296.399994,24.309999
2021-08-11,41.48,95.910004,182.289993,57.459999,56.0,289.299988,23.690001
2021-08-12,41.599998,96.940002,181.289993,56.610001,53.360001,291.170013,23.870001
2021-08-13,38.580002,96.599998,175.0,51.5,45.740002,284.369995,22.700001
2021-08-16,37.060001,96.830002,167.539993,49.830002,43.599998,277.809998,21.98
2021-08-17,34.709999,93.510002,163.479996,48.720001,41.0,268.350006,21.23
2021-08-18,34.560001,93.650002,162.470001,47.950001,41.209999,266.220001,21.030001
2021-08-19,31.99,92.989998,162.889999,45.919998,37.48,262.299988,20.549999
2021-08-20,32.360001,94.540001,165.990005,47.080002,40.16,269.880005,20.940001
2021-08-23,34.099998,96.040001,172.240005,49.0,41.200001,281.01001,21.76
2021-08-24,36.0,94.470001,172.919998,50.369999,44.150002,279.75,21.82
2021-08-25,36.330002,93.629997,172.910004,54.009998,45.23,281.440002,21.5
2021-08-26,36.23,93.68,172.429993,52.02,44.099998,280.820007,21.24
2021-08-27,36.889999,94.440002,174.990005,54.470001,44.450001,291.25,21.620001
2021-08-30,37.369999,95.690002,177.779999,64.0,49.080002,295.700012,21.530001
2021-08-31,36.970001,94.0,173.729996,61.310001,49.200001,289.779999,21.549999
2021-09-01,37.41,94.059998,176.429993,60.959999,50.189999,289.790009,22.219999
2021-09-02,37.59,94.870003,176.889999,64.440002,51.619999,291.540009,22.25
2021-09-03,37.119999,94.059998,173.940002,61.75,51.43,285.799988,21.83
2021-09-07,37.380001,94.480003,168.729996,63.950001,51.57,278.829987,21.959999
2021-09-08,36.389999,95.43,163.380005,60.709999,48.720001,274.200012,21.309999
2021-09-09,36.900002,98.889999,161.360001,63.130001,48.849998,275.950012,21.67
2021-09-10,36.360001,99.410004,158.220001,61.349998,47.049999,268.540009,21.26
2021-09-13,37.73,106.169998,160.089996,62.220001,48.200001,273.839996,22.209999
2021-09-14,37.09,105.160004,157.949997,61.0,46.779999,272.51001,21.610001
2021-09-15,37.599998,104.699997,155.529999,62.16,48.709999,277.779999,21.690001
2021-09-16,36.540001,103.290001,156.789993,60.43,46.939999,270.399994,21.76
2021-09-17,36.970001,104.019997,160.889999,61.93,48.080002,281.450012,22.48
2021-09-20,34.310001,95.690002,152.440002,56.75,43.709999,268.720001,20.93
2021-09-21,34.889999,95.010002,154.289993,58.639999,45.599998,269.459991,21.09
2021-09-22,35.34,95.709999,158.210007,61.07,46.560001,282.0,22.25
2021-09-23,34.330002,93.449997,158.320007,57.009998,43.82,284.109985,22.530001
2021-09-24,33.720001,91.150002,153.660004,53.82,42.34,275.359985,22.190001
2021-09-27,34.669998,95.559998,155.059998,54.209999,44.040001,280.519989,23.48
2021-09-28,33.610001,95.25,150.710007,51.790001,42.959999,272.829987,22.780001
2021-09-29,33.400002,94.07,148.399994,52.349998,41.849998,261.869995,22.16
2021-09-30,34.59,95.459999,149.970001,57.0,45.810001,265.220001,22.68
2021-10-01,34.419998,96.57,155.360001,57.91,47.369999,272.119995,24.870001
2021-10-04,31.9,95.010002,145.029999,54.790001,43.610001,255.270004,23.09
2021-10-05,32.080002,95.599998,147.410004,57.299999,44.919998,258.700012,22.68
2021-10-06,31.790001,95.18,153.580002,56.439999,45.84,260.420013,23.84
2021-10-07,32.07,97.519997,157.229996,56.860001,46.73,263.609985,24.719999
2021-10-08,33.029999,98.669998,154.360001,56.0,47.259998,261.869995,23.959999
2021-10-11,34.220001,102.290001,161.259995,61.41,50.09,276.820007,26.139999
2021-10-12,36.369999,105.269997,169.839996,65.660004,51.73,298.410004,27.450001
2021-10-13,36.82,106.019997,173.210007,66.970001,52.619999,303.720001,28.209999
2021-10-14,36.279999,106.199997,173.779999,63.5,50.450001,305.529999,27.49
2021-10-15,36.709999,105.110001,172.919998,63.970001,51.77,299.48999,27.540001
2021-10-18,37.02,104.779999,179.970001,68.089996,53.360001,306.079987,27.440001
2021-10-19,37.349998,108.279999,187.059998,71.900002,55.560001,317.220001,29.57
2021-10-20,37.25,103.230003,180.100006,72.760002,54.68,307.359985,28.799999
2021-10-21,38.209999,106.290001,179.800003,72.410004,56.860001,309.029999,29.76
2021-10-22,37.52,106.220001,176.699997,71.370003,56.16,303.25,29.41
2021-10-25,39.049999,109.040001,179.429993,74.43,57.200001,311.920013,30.66
2021-10-26,38.209999,108.940002,173.460007,70.879997,53.52,313.880005,29.620001
2021-10-27,38.790001,110.230003,216.220001,76.220001,57.189999,342.540009,31.09
2021-10-28,40.849998,117.879997,224.460007,76.510002,59.48,351.579987,32.48
2021-10-29,41.549999,119.589996,231.630005,77.790001,59.82,354.679993,33.66
2021-11-01,41.290001,121.139999,239.529999,75.0,56.889999,360.929993,33.849998
2021-11-02,39.080002,118.650002,237.610001,68.089996,53.560001,355.160004,32.57
2021-11-03,39.529999,116.830002,236.580002,69.540001,56.290001,352.98999,32.950001
2021-11-04,39.580002,116.660004,242.600006,69.309998,57.75,349.829987,32.709999
2021-11-05,38.380001,116.309998,237.899994,65.919998,56.119999,344.070007,32.59
2021-11-08,38.599998,115.029999,241.619995,67.139999,56.709999,349.899994,32.27
2021-11-09,38.259998,114.099998,239.389999,66.739998,55.349998,351.140015,31.870001
2021-11-10,36.259998,110.989998,231.479996,65.449997,54.93,343.299988,31.290001
2021-11-11,40.950001,113.599998,250.490005,70.769997,60.970001,358.25,32.09
2021-11-12,39.369999,110.919998,251.619995,72.519997,61.57,362.410004,32.09
2021-11-15,39.57,112.309998,244.710007,71.129997,59.360001,368.329987,31.530001
2021-11-16,40.009998,104.489998,251.589996,69.209999,63.880001,360.5,31.32
2021-11-17,38.639999,103.940002,254.860001,68.150002,63.09,365.0,30.92
2021-11-18,39.0,103.43,254.479996,68.690002,58.049999,355.420013,29.450001
2021-11-19,40.880001,108.370003,267.73999,66.330002,63.689999,365.130005,30.59
2021-11-22,40.630001,108.160004,261.119995,63.360001,60.299999,353.649994,30.07
2021-11-23,39.209999,107.139999,250.5,61.970001,58.169998,350.019989,29.65
2021-11-24,39.240002,108.279999,255.100006,60.299999,56.459999,348.48999,30.02
2021-11-26,38.279999,105.919998,247.419998,58.52,53.130001,341.440002,28.469999
2021-11-29,39.060001,106.849998,256.709991,58.009998,55.990002,347.209991,29.76
2021-11-30,37.939999,103.599998,250.0,57.34,52.279999,327.76001,28.65
2021-12-01,36.68,101.639999,236.860001,54.349998,50.959999,315.049988,27.120001
2021-12-02,35.220001,102.040001,235.0,48.209999,48.560001,318.540009,26.889999
2021-12-03,32.52,98.25,217.100006,43.32,43.580002,307.0,24.440001
2021-12-06,32.939999,99.110001,212.940002,44.060001,44.380001,307.630005,24.4
2021-12-07,33.669998,101.199997,222.559998,47.299999,46.709999,325.829987,24.83
2021-12-08,34.110001,100.709999,225.610001,46.490002,48.639999,330.559998,24.940001
2021-12-09,32.900002,96.639999,216.350006,44.07,46.52,313.380005,23.219999
2021-12-10,32.470001,97.199997,215.020004,43.490002,45.759998,309.089996,23.389999
2021-12-13,32.959999,97.07,213.520004,43.830002,46.540001,303.670013,23.75
2021-12-14,30.98,95.32,202.320007,41.93,45.290001,298.299988,21.190001
2021-12-15,31.0,95.18,204.039993,41.830002,44.740002,305.5,21.85
2021-12-16,30.209999,91.199997,190.850006,40.790001,44.509998,287.029999,20.76
2021-12-17,31.860001,93.160004,189.110001,40.700001,46.290001,288.850006,21.440001
2021-12-20,30.18,85.760002,178.729996,38.049999,42.560001,258.359985,19.860001
2021-12-21,31.860001,89.120003,189.0,40.900002,44.759998,281.100006,20.75
2021-12-22,31.290001,87.919998,189.330002,39.919998,43.099998,284.01001,20.559999
2021-12-23,31.110001,87.370003,188.169998,38.93,43.169998,283.290009,20.73
2021-12-27,30.959999,87.860001,188.690002,37.59,42.169998,285.600006,20.91
2021-12-28,30.85,87.349998,186.789993,37.810001,44.099998,278.820007,20.48
2021-12-29,30.42,87.18,185.470001,37.869999,43.299999,278.040009,20.219999
2021-12-30,31.4,88.040001,186.410004,40.939999,46.91,282.350006,21.01
2021-12-31,31.290001,87.160004,182.940002,40.32,45.959999,280.570007,20.870001
2022-01-03,31.33,88.580002,184.449997,41.970001,46.369999,282.450012,21.549999
2022-01-04,31.17,87.279999,178.279999,42.009998,46.189999,273.100006,21.530001
2022-01-05,29.16,83.510002,157.199997,39.990002,43.560001,249.809998,19.780001
2022-01-06,29.17,83.970001,151.490005,39.869999,43.18,248.240005,19.15
2022-01-07,29.780001,84.68,145.130005,40.09,44.650002,248.910004,19.379999
2022-01-10,29.1,84.300003,147.130005,39.580002,44.689999,255.470001,19.620001
2022-01-11,29.51,84.449997,148.509995,39.599998,45.57,261.089996,20.309999
2022-01-12,29.719999,84.120003,149.279999,41.740002,46.049999,261.019989,20.379999
2022-01-13,27.76,82.779999,143.490005,41.220001,45.27,260.429993,20.110001
2022-01-14,28.25,83.019997,142.839996,42.369999,47.34,253.830002,20.16
2022-01-18,27.290001,81.5,135.919998,41.130001,45.43,238.800003,19.34
2022-01-19,26.4,81.370003,134.580002,42.75,45.5,232.089996,18.92
2022-01-20,26.440001,81.489998,134.690002,43.369999,46.080002,231.320007,19.02
2022-01-21,25.18,76.82,126.019997,40.529999,43.369999,220.309998,15.8
2022-01-24,25.610001,77.93,128.100006,38.889999,41.16,225.869995,16.709999
2022-01-25,25.32,75.940002,122.650002,37.25,41.040001,212.740005,16.280001
2022-01-26,25.940001,76.370003,121.75,37.82,41.919998,214.130005,15.99
2022-01-27,25.07,72.220001,119.970001,36.07,40.27,209.820007,15.12
2022-01-28,25.24,73.419998,123.860001,35.869999,39.349998,212.070007,15.33
2022-01-31,27.99,78.379997,140.470001,40.119999,44.130001,238.220001,16.780001
2022-02-01,27.790001,77.699997,142.669998,39.630001,44.880001,242.229996,16.549999
2022-02-02,26.540001,76.370003,139.509995,37.709999,42.470001,238.300003,15.76
2022-02-03,25.77,71.279999,132.910004,35.720001,40.02,231.199997,15.09
2022-02-04,26.66,71.0,141.229996,37.779999,42.110001,238.259995,15.86
2022-02-07,26.709999,69.739998,140.770004,37.169998,40.200001,240.970001,15.62
2022-02-08,27.34,70.389999,144.5,38.919998,41.91,248.710007,16.1
2022-02-09,28.200001,74.169998,161.889999,42.400002,43.369999,265.980011,17.16
2022-02-10,27.91,71.220001,154.639999,40.580002,42.970001,264.5,16.77
2022-02-11,27.6,69.309998,145.690002,38.790001,41.150002,250.089996,16.15
2022-02-14,27.360001,68.230003,143.929993,38.200001,39.23,249.220001,15.83
2022-02-15,29.33,72.099998,154.289993,41.34,44.279999,262.160004,17.09
2022-02-16,29.549999,71.669998,154.029999,40.84,44.439999,266.720001,16.83
2022-02-17,29.0,69.949997,148.369995,40.200001,42.439999,263.26001,16.33
2022-02-18,28.379999,68.57,140.350006,39.529999,44.0,257.910004,15.69
2022-02-22,26.52,65.849998,133.029999,38.029999,40.0,246.070007,14.99
2022-02-23,26.629999,64.900002,126.559998,39.09,40.66,236.110001,14.84
2022-02-24,29.1,69.040001,147.350006,41.68,42.869999,271.190002,16.889999
2022-02-25,29.84,70.68,153.729996,42.919998,43.599998,277.929993,16.809999
2022-02-28,31.66,75.290001,166.699997,47.959999,50.610001,319.420013,17.93
2022-03-01,32.77,75.620003,170.600006,52.220001,54.349998,324.630005,18.0
2022-03-02,31.129999,69.510002,163.889999,50.93,53.25,314.459991,17.719999
2022-03-03,30.58,67.370003,159.029999,49.77,51.169998,301.820007,17.059999
2022-03-04,30.860001,71.849998,158.149994,47.630001,49.369999,293.230011,16.82
2022-03-07,31.9,75.0,158.809998,47.209999,50.880001,297.890015,17.4
2022-03-08,36.400002,79.519997,175.990005,51.310001,54.939999,328.910004,20.66
2022-03-09,37.040001,78.889999,179.869995,52.389999,57.0,326.980011,20.870001
2022-03-10,34.919998,76.5,178.720001,47.740002,47.040001,315.130005,20.889999
2022-03-11,33.16,75.389999,171.070007,41.700001,44.509998,317.929993,20.5
2022-03-14,28.6,71.989998,157.639999,35.93,38.639999,298.51001,18.68
2022-03-15,30.68,74.959999,164.639999,36.799999,41.32,315.75,19.15
2022-03-16,33.16,77.589996,177.210007,43.110001,49.119999,334.160004,20.200001
2022-03-17,33.939999,78.220001,180.850006,41.549999,49.970001,314.600006,20.540001
2022-03-18,35.080002,77.599998,184.520004,44.93,52.73,312.51001,20.530001
2022-03-21,35.549999,77.389999,185.449997,44.25,51.540001,312.079987,20.43
2022-03-22,37.209999,79.080002,189.25,46.700001,54.119999,325.109985,21.040001
2022-03-23,36.150002,77.989998,190.190002,45.68,51.860001,327.269989,20.950001
2022-03-24,37.189999,79.529999,197.839996,46.040001,53.759998,337.73999,21.459999
2022-03-25,35.810001,79.650002,193.809998,44.189999,50.740002,335.269989,21.01
2022-03-28,35.669998,84.089996,195.520004,44.889999,52.029999,333.070007,21.49
2022-03-29,36.119999,84.589996,202.360001,46.349998,52.66,324.5,22.02
2022-03-30,35.099998,81.940002,196.649994,43.060001,49.880001,314.230011,20.91
2022-03-31,35.360001,83.739998,201.779999,41.32,48.290001,322.369995,21.48
2022-04-01,35.82,84.010002,205.889999,43.189999,50.900002,322.829987,21.41
2022-04-04,37.950001,83.959999,216.380005,46.299999,51.580002,335.309998,24.040001
2022-04-05,35.540001,80.330002,211.229996,45.150002,49.369999,328.690002,23.48
2022-04-06,34.669998,78.129997,203.990005,43.900002,48.779999,320.160004,22.469999
2022-04-07,34.5,78.540001,206.949997,43.950001,48.790001,314.929993,22.16
2022-04-08,33.700001,77.610001,195.139999,42.419998,47.849998,301.579987,21.25
2022-04-11,34.02,78.860001,187.880005,43.009998,50.349998,300.029999,21.68
2022-04-12,33.91,79.099998,185.949997,40.34,51.080002,301.450012,21.389999
2022-04-13,34.360001,79.699997,193.229996,44.709999,54.119999,308.0,21.360001
2022-04-14,33.509998,78.120003,190.509995,44.18,54.580002,300.660004,20.4
2022-04-18,33.57,78.660004,190.029999,44.279999,54.330002,302.269989,20.549999
2022-04-19,34.330002,78.730003,195.600006,46.740002,56.610001,304.820007,21.16
2022-04-20,32.439999,76.93,178.529999,44.41,55.630001,281.609985,20.459999
2022-04-21,30.25,74.43,156.559998,40.529999,50.810001,254.149994,18.469999
2022-04-22,29.530001,72.370003,153.630005,41.279999,51.98,251.580002,17.91
2022-04-25,28.76,72.449997,157.600006,40.77,52.18,253.490005,17.66
2022-04-26,27.51,71.440002,153.830002,39.57,50.200001,244.759995,17.370001
2022-04-27,27.780001,72.139999,165.710007,39.860001,55.09,249.479996,17.15
2022-04-28,28.059999,72.260002,164.470001,41.220001,53.369999,254.410004,17.18
2022-04-29,27.52,73.029999,161.399994,41.57,51.259998,250.410004,16.51
2022-05-02,27.809999,73.639999,168.330002,40.349998,50.560001,255.309998,16.9
2022-05-03,28.91,75.110001,174.529999,42.57,54.099998,262.670013,17.690001
2022-05-04,30.51,78.699997,191.940002,46.849998,60.0,284.600006,19.059999
2022-05-05,29.26,76.410004,181.139999,44.209999,54.380001,266.230011,18.08
2022-05-06,28.120001,72.139999,165.889999,42.009998,51.650002,251.809998,16.9
2022-05-09,25.690001,68.25,150.509995,38.040001,47.310001,225.360001,15.32
2022-05-10,25.780001,67.580002,151.649994,39.709999,47.400002,233.800003,15.89
2022-05-11,23.299999,61.720001,137.550003,37.580002,45.720001,216.520004,13.73
2022-05-12,22.540001,61.400002,140.940002,38.790001,47.060001,211.919998,13.92
2022-05-13,24.34,64.25,157.789993,41.16,51.0,232.25,15.21
2022-05-16,24.23,62.77,151.029999,40.349998,50.25,222.789993,15.2
2022-05-17,26.700001,65.400002,158.110001,44.07,52.580002,239.350006,15.9
2022-05-18,27.26,65.360001,156.169998,45.029999,53.849998,238.800003,15.71
2022-05-19,28.76,66.470001,165.539993,45.950001,56.450001,252.179993,16.68
2022-05-20,29.389999,65.769997,168.25,47.459999,57.16,256.809998,16.6
2022-05-23,29.139999,66.059998,169.550003,46.450001,57.389999,255.630005,16.58
2022-05-24,30.620001,64.589996,162.509995,44.110001,57.75,248.229996,15.95
2022-05-25,29.190001,66.040001,169.279999,46.560001,58.299999,253.449997,16.459999
2022-05-26,30.309999,68.080002,178.779999,48.610001,60.200001,266.440002,17.030001
2022-05-27,31.299999,72.010002,188.949997,47.560001,58.939999,280.359985,18.190001
2022-05-31,32.060001,70.610001,186.190002,48.900002,61.27,272.790009,17.67
2022-06-01,32.25,70.870003,182.490005,49.98,59.779999,272.480011,17.620001
2022-06-02,33.43,74.239998,198.929993,54.150002,61.91,300.48999,18.700001
2022-06-03,33.099998,74.93,196.339996,55.080002,62.139999,298.339996,18.379999
2022-06-06,35.610001,71.989998,206.970001,61.73,67.099998,306.880005,18.879999
2022-06-07,35.09,72.0,209.630005,64.010002,66.779999,306.420013,19.360001
2022-06-08,34.689999,71.690002,204.770004,63.639999,65.589996,298.440002,19.040001
2022-06-09,34.02,69.830002,200.509995,60.990002,61.68,291.670013,18.860001
2022-06-10,32.34,68.0,196.190002,62.220001,62.110001,284.359985,18.040001
2022-06-13,30.16,63.130001,178.240005,58.43,58.369999,264.339996,16.709999
2022-06-14,29.370001,61.950001,179.520004,56.57,57.529999,264.630005,16.48
2022-06-15,29.780001,64.029999,188.479996,57.080002,57.119999,274.130005,17.389999
2022-06-16,28.23,62.009998,169.600006,53.970001,53.759998,253.979996,16.07
2022-06-17,30.629999,66.709999,184.75,58.439999,56.07,275.410004,17.93
2022-06-21,31.219999,68.199997,193.289993,67.0,61.959999,283.100006,17.290001
2022-06-22,31.26,67.599998,193.429993,67.449997,60.700001,280.399994,16.65
2022-06-23,32.380001,69.599998,200.669998,66.269997,62.029999,291.529999,17.49
2022-06-24,32.380001,70.07,198.389999,67.209999,61.57,286.339996,17.360001
2022-06-27,33.950001,70.620003,206.169998,72.110001,67.870003,298.519989,18.129999
2022-06-28,31.84,67.75,190.649994,67.529999,66.339996,279.23999,16.969999
2022-06-29,30.09,66.839996,184.639999,67.169998,64.230003,262.959991,15.14
2022-06-30,31.139999,68.129997,195.240005,71.379997,69.18,273.679993,15.81
2022-07-01,31.120001,68.150002,195.720001,70.690002,67.239998,276.299988,15.65
2022-07-05,30.17,66.230003,192.589996,70.959999,68.059998,271.269989,15.89
2022-07-06,29.280001,66.160004,194.929993,67.0,65.550003,269.790009,15.69
2022-07-07,32.130001,70.639999,206.839996,77.0,74.400002,286.859985,16.790001
2022-07-08,32.98,72.510002,216.449997,73.830002,75.540001,295.109985,17.98
2022-07-11,29.58,69.290001,206.059998,68.839996,70.260002,279.670013,16.389999
2022-07-12,29.299999,68.419998,189.470001,65.599998,65.160004,265.369995,16.209999
2022-07-13,29.309999,69.160004,192.630005,69.5,66.519997,269.029999,16.34
2022-07-14,29.41,71.040001,196.919998,70.150002,65.209999,269.019989,16.559999
2022-07-15,29.15,65.269997,194.910004,66.839996,63.470001,265.850006,16.0
2022-07-18,30.16,67.010002,206.429993,67.099998,63.830002,280.679993,16.42
2022-07-19,30.76,70.650002,213.339996,67.459999,62.419998,290.299988,16.639999
2022-07-20,31.940001,72.980003,218.830002,66.129997,62.75,295.859985,17.360001
2022-07-21,31.48,73.260002,219.779999,64.419998,61.57,292.980011,17.01
2022-07-22,32.200001,72.589996,211.539993,59.720001,60.830002,288.929993,16.440001
2022-07-25,33.549999,74.150002,218.550003,60.369999,62.509998,299.380005,16.6
2022-07-26,32.25,73.57,216.100006,60.34,60.959999,296.480011,15.88
2022-07-27,34.060001,76.760002,254.770004,64.43,63.610001,325.190002,16.780001
2022-07-28,36.0,88.5,274.179993,64.25,65.330002,341.190002,19.83
2022-07-29,36.889999,99.169998,284.179993,64.699997,66.32,360.130005,20.370001
2022-08-01,35.810001,99.489998,280.890015,61.23,61.650002,358.589996,19.83
2022-08-02,36.619999,99.720001,292.26001,61.66,62.75,365.410004,21.700001
2022-08-03,36.27,97.889999,290.25,62.509998,61.389999,295.519989,22.24
2022-08-04,37.32,99.169998,295.820007,66.82,63.459999,309.220001,22.76
2022-08-05,38.669998,101.900002,300.910004,64.529999,60.869999,315.5,24.08
2022-08-08,39.119999,106.739998,287.73999,64.099998,60.459999,303.109985,24.040001
2022-08-09,39.849998,109.010002,290.820007,66.050003,62.450001,312.630005,24.65
2022-08-10,41.919998,114.510002,303.25,70.709999,68.269997,323.73999,26.530001
2022-08-11,40.950001,114.580002,292.899994,70.730003,66.709999,319.019989,25.690001
2022-08-12,41.900002,117.970001,299.26001,68.739998,64.260002,330.519989,26.620001
2022-08-15,41.400002,118.220001,301.130005,68.580002,62.259998,324.179993,26.5
2022-08-16,39.93,116.989998,292.940002,68.25,61.25,311.269989,25.870001
2022-08-17,39.23,116.300003,293.130005,66.580002,60.150002,310.619995,25.389999
2022-08-18,45.189999,117.82,294.0,66.730003,62.650002,317.220001,25.809999
2022-08-19,42.009998,115.410004,283.700012,63.07,58.970001,300.329987,24.940001
2022-08-22,44.16,114.480003,280.76001,62.290001,56.400002,288.839996,24.610001
2022-08-23,44.040001,114.419998,285.410004,62.73,57.360001,288.459991,24.57
2022-08-24,44.939999,118.440002,293.089996,62.23,57.689999,294.609985,25.440001
2022-08-25,44.77,121.690002,299.809998,66.559998,58.650002,300.73999,25.67
2022-08-26,44.549999,121.75,288.589996,71.870003,59.779999,287.929993,25.059999
2022-08-29,44.630001,121.690002,284.820007,67.989998,60.669998,279.459991,24.690001
2022-08-30,43.5,122.309998,285.769989,64.730003,60.490002,275.5,24.129999
2022-08-31,45.169998,127.550003,286.440002,66.669998,60.869999,275.970001,24.0
2022-09-01,44.959999,127.839996,281.859985,68.279999,57.599998,269.320007,23.1
2022-09-02,44.380001,126.410004,279.070007,64.43,56.889999,267.119995,22.84
2022-09-06,44.790001,127.599998,292.820007,64.809998,58.959999,278.380005,23.959999
2022-09-07,47.009998,134.800003,316.309998,68.57,62.700001,311.36499,27.370001
2022-09-08,43.759998,137.529999,317.410004,63.419998,60.380001,314.160004,27.790001
2022-09-09,43.02,135.820007,305.700012,64.949997,60.82,313.0,28.129999
2022-09-12,41.490002,136.789993,308.929993,64.190002,61.57,316.200012,27.59
2022-09-13,42.16,136.759995,305.5,61.939999,61.639999,313.179993,26.9
2022-09-14,42.419998,135.759995,320.619995,62.630001,61.5,322.700012,27.6
2022-09-15,40.380001,132.020004,312.179993,57.810001,58.080002,313.25,26.51
2022-09-16,40.139999,135.809998,318.01001,56.380001,57.049999,310.51001,26.65
2022-09-19,40.099998,137.039993,316.230011,56.41,56.130001,307.950012,27.59
2022-09-20,38.119999,133.309998,304.709991,55.990002,55.630001,294.359985,26.469999
2022-09-21,38.419998,135.570007,304.559998,55.209999,56.799999,287.959991,26.48
2022-09-22,37.380001,131.770004,283.630005,51.639999,55.209999,270.940002,25.18
2022-09-23,36.84,129.850006,279.48999,51.77,53.650002,258.799988,24.690001
2022-09-26,36.439999,128.210007,274.920013,51.880001,52.91,247.649994,24.1
2022-09-27,38.509998,132.309998,284.809998,51.330002,53.5,249.580002,24.559999
2022-09-28,39.139999,136.190002,292.309998,52.84,54.189999,256.790009,24.66
2022-09-29,37.240002,130.929993,277.839996,49.950001,52.060001,235.559998,22.540001
2022-09-30,37.25,132.270004,277.470001,53.080002,55.389999,231.460007,23.040001
2022-10-03,37.900002,136.619995,286.609985,53.41,54.91,236.839996,23.48
2022-10-04,38.810001,143.059998,288.25,55.66,56.650002,246.169998,24.559999
2022-10-05,37.25,134.589996,261.600006,55.25,55.23,234.240005,23.120001
2022-10-06,35.970001,132.059998,257.450012,51.639999,52.549999,220.270004,22.26
2022-10-07,33.990002,129.419998,255.149994,50.34,50.830002,209.619995,21.950001
2022-10-10,33.200001,131.059998,258.179993,49.439999,49.98,207.839996,21.469999
2022-10-11,31.77,131.320007,255.800003,48.84,48.91,203.589996,20.309999
2022-10-12,30.48,126.879997,248.130005,49.740002,47.240002,200.600006,18.6
2022-10-13,30.889999,126.540001,248.699997,50.639999,47.220001,200.070007,17.959999
2022-10-14,30.200001,123.360001,237.869995,50.720001,47.330002,193.389999,16.73
2022-10-17,30.41,118.279999,242.289993,48.09,46.299999,197.289993,16.790001
2022-10-18,31.16,121.309998,251.419998,50.970001,46.970001,207.419998,16.82
2022-10-19,30.58,120.209999,243.190002,49.099998,46.09,199.460007,15.89
2022-10-20,29.790001,118.720001,244.289993,47.52,44.27,197.839996,15.64
2022-10-21,30.309999,122.599998,252.0,48.369999,45.119999,202.660004,15.76
2022-10-24,28.790001,124.57,253.300003,45.139999,41.060001,203.740005,15.78
2022-10-25,29.73,127.150002,265.589996,47.130001,42.709999,215.610001,17.15
2022-10-26,30.959999,131.399994,291.869995,50.73,46.529999,225.679993,17.389999
2022-10-27,31.58,131.179993,306.079987,48.380001,47.849998,228.830002,17.73
2022-10-28,31.93,132.669998,305.25,46.369999,45.939999,231.720001,17.889999
2022-10-31,33.900002,145.570007,307.0,43.990002,47.48,230.029999,18.49
2022-11-01,33.450001,148.570007,299.480011,44.049999,48.060001,225.25,18.25
2022-11-02,32.830002,150.070007,289.5,44.59,47.59,217.580002,17.219999
2022-11-03,34.099998,157.729996,296.109985,45.259998,48.759998,224.949997,18.209999
2022-11-04,33.689999,153.619995,282.440002,46.110001,49.07,219.0,17.530001
2022-11-07,32.439999,147.25,268.829987,51.099998,49.400002,211.300003,16.860001
2022-11-08,34.630001,147.259995,280.070007,52.299999,49.889999,251.729996,18.690001
2022-11-09,34.990002,151.160004,284.75,51.720001,47.950001,249.220001,19.15
2022-11-10,37.02,157.020004,309.25,55.669998,52.040001,283.670013,22.9
2022-11-11,36.18,150.419998,292.01001,55.709999,50.639999,288.910004,22.34
2022-11-14,35.73,153.630005,297.940002,53.91,49.080002,284.01001,22.030001
2022-11-15,36.75,159.630005,300.730011,57.450001,50.43,287.970001,22.709999
2022-11-16,36.5,158.580002,305.179993,55.23,50.07,289.76001,23.209999
2022-11-17,36.720001,164.979996,312.959991,55.630001,50.130001,299.209991,23.85
2022-11-18,36.209999,166.600006,311.940002,53.09,47.869999,306.390015,23.209999
2022-11-21,36.610001,165.389999,308.100006,52.25,47.330002,301.410004,23.209999
2022-11-22,36.049999,167.660004,320.440002,51.849998,46.869999,309.179993,23.469999
2022-11-23,37.009998,169.470001,315.779999,51.200001,48.139999,306.25,24.0
2022-11-25,35.75,171.429993,319.420013,49.82,47.810001,301.910004,24.129999
2022-11-28,34.0,165.619995,312.209991,50.450001,44.93,295.450012,23.629999
2022-11-29,33.82,161.809998,303.390015,50.759998,45.740002,290.850006,23.200001
2022-11-30,35.849998,172.529999,320.589996,56.91,51.279999,298.859985,24.25
2022-12-01,34.650002,168.539993,314.0,53.240002,49.529999,295.769989,23.629999
2022-12-02,36.560001,168.320007,336.0,54.029999,55.48,308.769989,24.49
2022-12-05,36.240002,167.139999,335.820007,51.709999,52.549999,314.059998,23.719999
2022-12-06,33.950001,157.470001,309.730011,49.27,50.779999,298.980011,22.620001
2022-12-07,33.549999,154.740005,317.049988,47.68,48.209999,310.790009,22.209999
2022-12-08,33.16,152.710007,319.869995,46.759998,48.400002,315.51001,22.24
2022-12-09,33.330002,150.960007,319.549988,49.610001,49.41,314.799988,22.0
2022-12-12,33.459999,150.279999,320.859985,47.790001,46.880001,314.910004,22.42
2022-12-13,34.040001,157.080002,325.98999,46.860001,48.529999,327.640015,23.059999
2022-12-14,35.200001,160.089996,332.799988,46.189999,49.959999,335.609985,23.530001
2022-12-15,34.82,159.410004,314.059998,46.02,50.810001,327.309998,21.799999
2022-12-16,34.110001,155.080002,303.390015,44.57,51.040001,320.529999,21.15
2022-12-19,33.189999,156.770004,305.01001,44.900002,51.630001,309.579987,20.370001
2022-12-20,32.34,156.589996,302.070007,44.259998,50.700001,309.899994,19.91
2022-12-21,33.66,162.059998,317.100006,44.900002,48.98,323.160004,20.110001
2022-12-22,31.959999,156.889999,298.869995,42.18,44.119999,311.459991,18.940001
2022-12-23,31.02,156.75,293.950012,40.509998,41.169998,310.149994,18.66
2022-12-27,30.040001,150.220001,274.540009,40.27,41.02,293.040009,17.98
2022-12-28,29.4,146.169998,267.380005,39.130001,39.66,275.839996,17.790001
2022-12-29,30.43,148.779999,265.48999,39.360001,41.029999,280.660004,18.18
2022-12-30,30.9,149.789993,264.959991,38.610001,40.880001,283.269989,18.030001
2023-01-03,30.299999,145.940002,253.309998,39.950001,41.310001,285.429993,17.17
2023-01-04,32.189999,146.779999,251.639999,38.860001,42.040001,290.559998,17.709999
2023-01-05,31.77,145.460007,240.369995,37.110001,39.970001,276.75,16.74
2023-01-06,36.150002,156.800003,233.649994,39.759998,46.189999,281.809998,17.129999
2023-01-09,38.57,159.169998,227.940002,39.619999,49.119999,284.140015,16.82
2023-01-10,42.049999,171.009995,229.830002,44.529999,53.380001,285.480011,17.43
2023-01-11,42.869999,172.410004,238.820007,45.16,58.290001,302.149994,18.709999
2023-01-12,43.18,178.850006,241.720001,44.419998,58.630001,309.459991,18.780001
2023-01-13,43.0,180.190002,245.830002,43.650002,58.900002,315.019989,18.66
2023-01-17,41.700001,177.600006,251.059998,46.779999,57.5,320.170013,18.75
2023-01-18,41.34,177.570007,250.309998,43.799999,56.299999,319.700012,18.49
2023-01-19,40.91,165.009995,222.970001,44.48,55.549999,286.720001,16.559999
2023-01-20,41.889999,167.869995,222.539993,47.32,56.669998,294.730011,16.33
2023-01-23,42.68,176.210007,228.440002,47.91,59.860001,309.179993,16.41
2023-01-24,42.599998,171.490005,219.470001,46.669998,58.23,308.369995,16.219999
2023-01-25,41.849998,168.259995,210.320007,46.43,57.139999,300.519989,16.07
2023-01-26,41.0,175.429993,208.020004,46.759998,56.549999,303.380005,16.09
2023-01-27,40.849998,179.350006,210.089996,45.669998,56.209999,306.440002,16.969999
2023-01-30,39.91,170.779999,212.220001,43.529999,54.349998,301.869995,16.73
2023-01-31,42.07,177.600006,221.380005,45.509998,56.380001,319.130005,17.43
2023-02-01,42.029999,180.149994,227.139999,47.619999,57.169998,327.690002,17.9
2023-02-02,41.900002,168.669998,227.699997,46.110001,56.389999,327.609985,18.16
2023-02-03,40.630001,168.190002,222.929993,43.439999,54.66,316.0,17.51
2023-02-06,40.549999,167.470001,222.990005,43.09,54.200001,319.549988,17.27
2023-02-07,40.110001,165.889999,228.460007,43.52,53.75,319.410004,17.110001
2023-02-08,39.689999,165.580002,218.869995,42.57,52.91,323.609985,16.26
2023-02-09,40.099998,163.940002,209.600006,42.360001,52.610001,295.869995,15.55
2023-02-10,40.32,163.380005,212.070007,42.119999,52.799999,300.709991,15.33
2023-02-13,40.43,167.259995,212.570007,42.07,52.779999,310.709991,15.73
2023-02-14,39.490002,165.039993,208.350006,42.84,52.220001,315.429993,15.85
2023-02-15,41.610001,172.360001,217.869995,43.919998,53.959999,343.980011,16.879999
2023-02-16,39.799999,165.009995,202.800003,43.369999,52.049999,314.940002,16.25
2023-02-17,38.939999,164.279999,204.990005,42.099998,50.75,305.040009,16.290001
2023-02-21,36.990002,160.990005,201.649994,43.040001,50.189999,294.51001,15.45
2023-02-22,37.5,163.610001,203.570007,45.049999,52.099998,295.709991,15.33
2023-02-23,38.169998,165.580002,204.710007,46.419998,53.549999,301.859985,15.0
2023-02-24,37.549999,162.160004,198.960007,44.52,49.639999,296.179993,14.45
2023-02-27,39.27,166.110001,210.779999,44.98,51.93,313.630005,14.91
2023-02-28,39.75,169.139999,210.529999,44.18,53.0,317.920013,15.02
2023-03-01,41.77,195.679993,212.949997,47.290001,56.439999,327.429993,15.29
2023-03-02,40.889999,198.220001,211.559998,48.779999,55.200001,323.420013,15.09
2023-03-03,41.75,210.110001,217.160004,52.02,56.220001,326.829987,15.58
2023-03-06,42.709999,212.300003,225.350006,54.939999,57.0,332.480011,15.76
2023-03-07,42.560001,214.289993,224.210007,53.830002,56.650002,328.369995,15.49
2023-03-08,42.599998,214.330002,218.309998,52.560001,56.709999,324.929993,15.47
2023-03-09,41.41,211.25,215.850006,50.75,56.16,313.529999,15.44
2023-03-10,39.25,207.729996,210.220001,49.900002,48.98,304.320007,14.66
2023-03-13,39.200001,203.580002,211.529999,49.830002,49.68,316.209991,15.15
2023-03-14,39.57,207.289993,213.009995,50.700001,50.299999,314.269989,14.57
2023-03-15,38.110001,203.220001,205.759995,49.259998,48.240002,306.429993,13.69
2023-03-16,36.720001,206.559998,201.100006,48.220001,45.950001,285.570007,13.5
2023-03-17,35.029999,199.619995,183.639999,45.68,42.759998,267.209991,12.37
2023-03-20,35.860001,204.679993,192.509995,48.0,45.049999,272.309998,12.69
2023-03-21,41.25,209.25,207.630005,49.529999,49.200001,296.51001,13.69
2023-03-22,37.740002,205.009995,202.149994,48.080002,47.77,289.519989,12.77
2023-03-23,38.450001,210.190002,204.660004,49.02,47.75,291.540009,12.6
2023-03-24,38.619999,211.100006,195.990005,50.650002,47.900002,284.519989,12.41
2023-03-27,38.720001,210.139999,195.830002,49.52,48.23,284.589996,12.39
2023-03-28,37.869999,210.009995,193.520004,49.09,48.630001,277.799988,12.2
2023-03-29,39.099998,215.350006,203.949997,46.75,50.07,291.940002,13.07
2023-03-30,39.360001,213.320007,205.270004,46.66,50.59,296.029999,13.25
2023-03-31,39.810001,217.5,210.279999,46.84,51.02,303.950012,13.84
2023-04-03,39.919998,208.490005,202.600006,45.779999,49.889999,298.309998,13.62
2023-04-04,39.450001,208.139999,202.539993,45.130001,49.619999,292.769989,13.74
2023-04-05,38.32,201.610001,193.669998,44.0,47.82,278.899994,13.16
2023-04-06,37.900002,204.509995,191.0,44.470001,46.93,280.23999,12.68
2023-04-10,38.77,212.029999,195.800003,47.25,49.709999,283.190002,13.21
2023-04-11,38.849998,210.029999,196.880005,48.439999,50.290001,288.350006,13.44
2023-04-12,37.880001,207.889999,196.029999,45.66,48.450001,284.959991,13.07
2023-04-13,39.02,211.259995,209.690002,45.610001,50.279999,306.890015,14.04
2023-04-14,38.389999,208.399994,208.899994,45.610001,49.32,300.459991,14.05
2023-04-17,40.75,218.889999,224.919998,45.860001,50.459999,315.160004,14.68
2023-04-18,40.93,219.479996,227.869995,45.709999,49.720001,316.390015,14.27
2023-04-19,39.880001,218.190002,224.270004,45.369999,49.290001,314.359985,13.63
2023-04-20,40.299999,215.529999,224.789993,44.759998,48.919998,318.200012,13.82
2023-04-21,39.830002,216.889999,223.610001,43.849998,47.57,319.200012,14.01
2023-04-24,40.02,209.899994,224.600006,42.799999,46.0,318.450012,14.21
2023-04-25,39.110001,210.529999,220.600006,42.459999,45.82,309.209991,13.89
2023-04-26,37.59,199.509995,163.830002,42.330002,45.540001,276.970001,12.59
2023-04-27,37.639999,200.830002,164.179993,43.91,47.73,289.149994,13.31
2023-04-28,37.419998,182.580002,164.199997,45.919998,49.610001,285.630005,13.22
2023-05-01,36.93,180.850006,160.589996,47.779999,49.610001,276.0,12.94
2023-05-02,36.07,176.399994,152.880005,45.419998,47.0,263.609985,12.54
2023-05-03,36.169998,174.330002,155.419998,42.77,47.419998,263.820007,12.01
2023-05-04,35.860001,171.589996,155.419998,41.889999,47.240002,281.220001,10.96
2023-05-05,37.220001,178.600006,159.649994,44.73,48.09,293.390015,11.29
2023-05-08,37.07,177.460007,163.289993,43.84,47.380001,291.679993,11.35
2023-05-09,36.060001,178.0,157.830002,42.110001,43.470001,286.26001,11.11
2023-05-10,36.57,180.740005,161.419998,41.48,43.889999,294.890015,11.26
2023-05-11,36.799999,183.190002,160.789993,43.25,43.540001,296.059998,10.93
2023-05-12,36.009998,231.690002,167.550003,42.779999,42.25,301.850006,10.7
2023-05-15,35.360001,221.589996,168.710007,42.669998,41.59,307.320007,10.85
2023-05-16,36.130001,212.800003,160.960007,41.66,41.099998,295.119995,10.41
2023-05-17,38.720001,209.759995,163.729996,41.189999,42.98,303.070007,10.79
2023-05-18,40.18,206.279999,163.720001,39.720001,44.060001,301.679993,10.5
2023-05-19,40.209999,203.529999,162.369995,38.52,43.779999,295.920013,9.57
2023-05-22,42.32,201.690002,164.649994,37.740002,44.349998,298.869995,10.12
2023-05-23,43.290001,200.889999,162.830002,39.740002,46.130001,288.950012,10.27
2023-05-24,43.259998,198.550003,164.050003,39.18,45.939999,288.200012,10.31
2023-05-25,42.799999,200.940002,164.589996,38.34,45.619999,296.959991,10.35
2023-05-26,43.560001,201.770004,165.199997,38.189999,45.049999,294.410004,10.27
2023-05-30,43.400002,202.399994,174.119995,36.919998,42.279999,295.790009,10.91
2023-05-31,41.799999,202.960007,173.880005,35.950001,41.91,284.829987,10.6
2023-06-01,40.48,208.740005,181.470001,37.389999,42.09,294.75,10.92
2023-06-02,39.549999,206.740005,181.860001,38.360001,42.259998,291.059998,10.89
2023-06-05,40.049999,203.669998,182.729996,37.860001,41.849998,294.100006,11.07
2023-06-06,39.880001,196.820007,182.610001,38.18,42.029999,290.75,11.12
2023-06-07,39.310001,191.759995,182.089996,39.130001,40.869999,290.179993,11.22
2023-06-08,38.240002,192.330002,181.399994,39.740002,40.740002,285.399994,11.18
2023-06-09,37.669998,192.0,174.580002,41.580002,41.549999,282.329987,10.93
2023-06-12,37.549999,196.240005,176.889999,40.709999,40.700001,285.420013,11.35
2023-06-13,37.119999,195.990005,179.660004,40.48,41.349998,283.049988,11.58
2023-06-14,37.369999,193.029999,179.199997,41.75,41.540001,271.440002,11.24
2023-06-15,39.549999,192.880005,180.509995,42.59,46.43,277.459991,11.22
2023-06-16,41.32,188.990005,181.809998,42.650002,47.389999,276.700012,11.0
2023-06-20,38.740002,186.100006,171.990005,39.43,43.650002,255.360001,10.61
2023-06-21,38.060001,184.580002,167.990005,39.049999,43.66,251.990005,10.52
2023-06-22,38.84,187.080002,162.529999,38.25,43.509998,244.570007,10.42
2023-06-23,36.939999,184.520004,158.690002,37.77,42.110001,243.649994,10.09
2023-06-26,36.310001,178.550003,159.210007,37.220001,42.009998,247.610001,9.91
2023-06-27,36.369999,182.729996,161.029999,37.48,42.52,255.229996,10.1
2023-06-28,37.34,184.220001,161.419998,37.549999,43.23,257.959991,10.15
2023-06-29,36.900002,184.009995,158.770004,38.23,43.169998,253.960007,9.64
2023-06-30,38.689999,190.089996,167.479996,39.700001,44.380001,269.049988,9.8
2023-07-03,38.32,191.389999,169.550003,39.060001,44.66,270.420013,9.86
2023-07-05,37.580002,186.949997,165.339996,38.759998,44.599998,265.190002,9.68
2023-07-06,37.169998,183.139999,161.380005,37.779999,42.400002,255.080002,9.15
2023-07-07,36.84,189.139999,166.169998,39.23,42.75,258.940002,9.09
2023-07-10,38.419998,190.820007,175.470001,39.459999,44.099998,264.98999,9.35
2023-07-11,37.349998,189.619995,173.779999,38.880001,43.060001,265.049988,9.52
2023-07-12,38.470001,194.960007,182.800003,40.09,44.099998,270.920013,10.3
2023-07-13,38.240002,196.949997,182.639999,40.09,44.73,272.01001,10.42
2023-07-14,36.939999,191.300003,177.940002,38.73,43.66,273.559998,10.1
2023-07-17,38.080002,206.710007,189.669998,38.990002,45.91,283.850006,11.16
2023-07-18,37.419998,201.570007,184.050003,38.259998,43.82,274.160004,11.39
2023-07-19,37.490002,198.580002,185.490005,38.389999,43.310001,273.75,11.31
2023-07-20,37.610001,198.5,175.919998,37.639999,42.41,263.100006,11.32
2023-07-21,37.580002,197.910004,177.479996,37.23,42.299999,263.899994,11.25
2023-07-24,37.709999,197.660004,177.809998,37.700001,42.139999,260.089996,11.59
2023-07-25,37.389999,200.009995,179.470001,37.439999,42.23,259.459991,11.22
2023-07-26,36.82,197.410004,173.360001,38.16,42.040001,244.259995,9.45
2023-07-27,36.259998,198.800003,166.800003,37.389999,41.119999,241.75,9.23
2023-07-28,36.599998,208.399994,154.330002,38.290001,42.25,236.789993,9.26
2023-07-31,36.16,207.399994,151.830002,39.07,42.450001,241.460007,9.87
2023-08-01,35.970001,202.679993,150.320007,38.049999,41.049999,239.470001,9.87
2023-08-02,35.09,194.279999,140.690002,36.049999,38.52,195.509995,9.04
2023-08-03,34.549999,196.240005,140.360001,34.34,38.549999,189.789993,9.08
2023-08-04,34.599998,194.380005,140.0,36.25,38.240002,182.649994,8.67
2023-08-07,34.23,195.600006,135.449997,37.400002,38.43,180.740005,8.65
2023-08-08,33.970001,196.100006,135.770004,36.900002,36.880001,178.449997,8.5
2023-08-09,34.549999,203.600006,138.460007,38.34,37.91,183.130005,8.54
2023-08-10,34.119999,205.009995,136.460007,37.759998,37.419998,177.839996,8.32
2023-08-11,32.82,204.869995,135.199997,35.110001,35.93,176.350006,8.14
2023-08-14,33.16,211.429993,138.589996,35.869999,35.860001,176.990005,8.13
2023-08-15,32.110001,199.830002,134.559998,35.439999,34.57,170.0,7.69
2023-08-16,31.719999,191.889999,132.880005,35.299999,33.990002,162.320007,7.46
2023-08-17,31.1,183.440002,131.440002,35.610001,33.380001,162.770004,7.48
2023-08-18,30.75,181.910004,130.339996,35.139999,33.779999,162.339996,7.22
2023-08-21,30.76,181.699997,130.160004,34.790001,34.110001,163.0,7.12
2023-08-22,26.790001,176.5,128.320007,34.400002,33.360001,164.160004,7.19
2023-08-23,26.889999,180.580002,130.360001,35.709999,32.009998,167.070007,7.29
2023-08-24,26.02,174.419998,122.339996,35.459999,30.639999,156.940002,6.9
2023-08-25,26.1,177.449997,124.089996,35.720001,30.4,161.699997,6.95
2023-08-28,26.370001,176.759995,125.300003,36.110001,30.76,161.470001,6.85
2023-08-29,27.65,181.610001,129.050003,37.099998,33.630001,166.570007,7.41
2023-08-30,28.290001,184.960007,128.110001,36.790001,33.349998,164.110001,7.24
2023-08-31,28.01,189.119995,126.529999,36.970001,33.529999,162.570007,7.16
2023-09-01,28.290001,186.369995,128.729996,36.810001,34.439999,161.949997,7.29
2023-09-05,28.01,186.479996,127.769997,36.240002,33.299999,161.669998,7.04
2023-09-06,27.209999,182.089996,123.029999,35.380001,32.18,155.899994,6.7
2023-09-07,25.92,180.5,122.230003,33.759998,29.82,152.289993,6.53
2023-09-08,26.25,183.210007,120.230003,33.98,29.08,148.850006,6.62
2023-09-11,26.35,179.369995,122.190002,33.48,29.190001,148.259995,6.62
2023-09-12,27.469999,180.940002,123.349998,32.869999,31.1,150.869995,7.29
2023-09-13,27.129999,170.5,119.599998,32.330002,29.85,144.970001,6.99
2023-09-14,27.860001,177.0,122.309998,33.41,30.559999,144.759995,7.28
2023-09-15,27.34,174.050003,120.300003,32.490002,30.030001,140.289993,7.22
2023-09-18,26.68,167.740005,117.160004,31.620001,29.33,136.220001,6.77
2023-09-19,26.84,169.179993,122.089996,30.559999,28.9,138.460007,6.95
2023-09-20,26.51,169.240005,123.970001,30.209999,28.07,139.199997,6.84
2023-09-21,26.17,166.240005,124.849998,30.549999,26.940001,136.289993,6.62
2023-09-22,25.809999,162.449997,119.919998,30.219999,27.15,134.600006,6.37
2023-09-25,25.200001,164.339996,121.099998,30.110001,26.540001,131.869995,6.1
2023-09-26,25.139999,161.389999,119.150002,30.719999,27.91,127.269997,6.08
2023-09-27,24.950001,158.610001,120.110001,30.370001,28.1,128.009995,6.15
2023-09-28,24.790001,161.5,120.019997,29.719999,29.299999,130.740005,6.1
2023-09-29,24.610001,161.589996,120.150002,30.27,30.370001,129.509995,6.17
2023-10-02,23.25,156.339996,116.839996,29.57,28.639999,122.559998,5.62
2023-10-03,22.450001,151.25,114.220001,28.77,29.459999,120.309998,5.48
2023-10-04,21.879999,151.820007,117.18,27.48,28.17,125.309998,5.47
2023-10-05,21.540001,145.350006,116.010002,26.17,27.25,120.620003,5.45
2023-10-06,21.889999,148.559998,119.160004,26.23,28.48,123.970001,5.46
2023-10-09,22.209999,143.800003,119.75,25.879999,28.549999,119.220001,5.18
2023-10-10,23.51,151.559998,125.75,27.719999,31.08,124.989998,5.81
2023-10-11,23.559999,151.5,128.610001,27.559999,31.51,124.540001,5.78
2023-10-12,22.66,149.389999,124.580002,27.040001,30.77,120.650002,5.66
2023-10-13,22.32,147.919998,123.809998,26.889999,30.450001,119.760002,5.62
2023-10-16,22.65,151.289993,127.110001,26.27,30.6,123.599998,5.79
2023-10-17,22.83,158.059998,129.240005,27.049999,31.59,127.650002,5.85
2023-10-18,22.190001,153.130005,123.839996,25.98,31.620001,120.779999,5.7
2023-10-19,21.77,151.970001,115.900002,25.469999,29.870001,113.980003,5.57
2023-10-20,20.68,150.770004,98.889999,24.860001,27.49,82.900002,5.09
2023-10-23,20.83,151.320007,96.290001,24.360001,27.639999,85.489998,4.96
2023-10-24,20.969999,155.899994,94.839996,24.719999,27.290001,83.339996,4.96
2023-10-25,20.41,151.360001,94.349998,23.82,26.299999,81.040001,4.06
2023-10-26,20.209999,151.149994,96.18,23.57,26.32,83.410004,4.26
2023-10-27,19.209999,143.259995,82.089996,23.33,25.889999,76.989998,4.02
2023-10-30,19.450001,136.320007,78.660004,24.700001,29.540001,75.040001,4.0
2023-10-31,19.98,142.449997,79.580002,25.459999,32.59,75.949997,4.27
2023-11-01,19.440001,142.839996,76.730003,24.9,30.66,75.790001,4.03
2023-11-02,21.07,147.589996,78.919998,25.49,31.959999,72.790001,4.47
2023-11-03,21.639999,151.940002,80.809998,26.120001,34.400002,75.599998,4.57
2023-11-06,21.559999,146.970001,78.18,26.389999,34.16,71.769997,4.29
2023-11-07,21.700001,144.330002,78.830002,26.309999,34.029999,73.169998,4.27
2023-11-08,20.809999,137.830002,76.900002,26.209999,33.889999,70.870003,4.05
2023-11-09,21.059999,132.529999,75.559998,26.24,35.220001,70.330002,3.86
2023-11-10,21.07,133.919998,77.980003,26.879999,36.119999,71.139999,3.79
2023-11-13,20.969999,133.839996,78.550003,27.540001,36.400002,71.620003,3.81
2023-11-14,21.58,149.139999,91.389999,28.559999,37.700001,79.349998,4.39
2023-11-15,20.549999,152.419998,92.809998,29.0,37.549999,80.040001,4.67
2023-11-16,20.51,154.509995,90.669998,27.809999,35.240002,76.519997,4.33
2023-11-17,20.450001,155.020004,92.860001,26.98,34.369999,78.989998,4.57
2023-11-20,20.809999,159.289993,98.5,27.16,34.950001,81.050003,4.48
2023-11-21,20.620001,158.600006,98.32,26.1,34.720001,78.919998,4.2
2023-11-22,20.98,159.720001,100.199997,26.32,35.009998,78.68,4.23
2023-11-24,20.879999,154.380005,100.220001,25.969999,34.110001,78.080002,4.18
2023-11-27,20.27,154.649994,97.800003,24.83,32.25,76.82,4.02
2023-11-28,20.68,155.020004,99.099998,24.01,31.33,76.970001,4.06
2023-11-29,20.91,155.429993,100.959999,24.280001,32.419998,78.550003,4.28
2023-11-30,21.030001,157.779999,101.019997,23.66,31.4,79.379997,4.15
2023-12-01,21.879999,160.289993,106.519997,24.780001,33.279999,82.480003,4.82
2023-12-04,22.639999,159.539993,108.870003,24.65,33.220001,83.599998,5.14
2023-12-05,21.93,155.389999,110.0,23.719999,31.799999,81.900002,4.97
2023-12-06,21.790001,145.289993,106.769997,22.959999,31.940001,80.669998,4.87
2023-12-07,22.059999,144.179993,107.169998,23.17,32.369999,80.190002,4.99
2023-12-08,22.09,145.380005,103.010002,23.110001,32.139999,78.400002,4.76
2023-12-11,22.290001,146.110001,103.550003,23.190001,32.299999,79.650002,4.8
2023-12-12,21.469999,139.899994,99.82,22.110001,30.99,76.18,4.43
2023-12-13,22.969999,146.559998,107.610001,22.360001,32.16,82.610001,5.22
2023-12-14,23.790001,158.25,120.220001,23.030001,33.299999,96.32,6.02
2023-12-15,24.190001,168.669998,123.919998,23.73,34.07,97.120003,6.14
2023-12-18,24.469999,165.940002,124.029999,23.34,33.5,93.480003,4.22
2023-12-19,25.299999,172.660004,135.320007,24.32,33.889999,102.239998,4.77
2023-12-20,24.23,164.600006,128.0,23.27,32.369999,94.849998,4.42
2023-12-21,25.17,170.039993,133.860001,25.33,35.189999,97.080002,4.48
2023-12-22,25.379999,170.389999,133.990005,25.0,35.0,96.029999,4.46
2023-12-26,25.82,171.940002,137.339996,25.41,35.68,96.959999,4.79
2023-12-27,25.809999,172.440002,135.630005,25.639999,35.549999,96.43,4.93
2023-12-28,26.43,173.220001,134.789993,26.549999,37.419998,96.730003,4.91
2023-12-29,26.23,172.279999,132.139999,26.6,36.939999,93.599998,4.83
2024-01-02,25.74,172.160004,131.240005,25.18,34.98,91.699997,4.88
2024-01-03,25.200001,167.419998,122.629997,24.280001,33.889999,86.440002,4.5
2024-01-04,24.4,166.309998,118.07,23.6,33.099998,82.800003,4.05
2024-01-05,23.809999,166.869995,115.389999,23.610001,32.720001,79.580002,3.97
2024-01-08,24.209999,166.130005,116.0,23.209999,31.809999,78.540001,3.88
2024-01-09,24.35,166.910004,117.059998,23.15,31.08,77.220001,3.91
2024-01-10,23.559999,162.330002,117.540001,22.91,30.52,81.010002,3.89
2024-01-11,23.110001,160.289993,114.290001,22.700001,31.26,77.620003,3.58
2024-01-12,22.34,160.440002,110.220001,22.879999,30.389999,74.239998,3.25
2024-01-16,21.66,149.100006,108.75,21.389999,29.73,72.830002,2.99
2024-01-17,20.67,147.259995,105.550003,20.700001,28.15,68.220001,2.94
2024-01-18,19.950001,147.449997,106.660004,21.27,28.57,69.269997,2.94
2024-01-19,19.84,145.919998,103.589996,20.379999,27.620001,69.110001,3.03
2024-01-22,21.049999,149.910004,107.150002,20.09,28.5,71.849998,3.21
2024-01-23,24.040001,151.460007,111.300003,20.959999,30.280001,71.839996,3.55
2024-01-24,23.49,148.869995,108.07,19.629999,30.309999,70.199997,3.21
2024-01-25,23.32,149.229996,106.830002,19.66,29.1,70.440002,3.28
2024-01-26,22.969999,147.830002,105.370003,19.18,27.879999,68.839996,3.2
2024-01-29,22.85,149.300003,109.169998,19.02,27.85,71.25,3.44
2024-01-30,22.459999,149.029999,106.349998,18.459999,26.950001,69.160004,3.11
2024-01-31,22.1,146.300003,104.129997,18.049999,26.23,66.5,3.03
2024-02-01,22.92,147.889999,105.440002,18.18,27.02,69.269997,3.7
2024-02-02,21.98,141.820007,101.760002,17.85,26.120001,68.0,3.43
2024-02-05,20.790001,139.800003,97.800003,17.790001,23.790001,65.669998,3.08
2024-02-06,21.280001,141.110001,100.510002,18.15,24.940001,67.379997,3.25
2024-02-07,22.07,145.460007,117.510002,19.4,26.309999,76.18,3.3
2024-02-08,22.07,143.169998,116.879997,19.5,25.4,75.510002,3.23
2024-02-09,22.91,151.5,122.470001,19.83,26.190001,77.760002,3.58
2024-02-12,23.6,157.220001,128.899994,20.08,27.309999,83.300003,4.16
2024-02-13,21.889999,152.339996,123.559998,18.549999,25.860001,76.550003,3.7
2024-02-14,23.209999,158.240005,131.619995,19.040001,27.280001,82.610001,4.26
2024-02-15,23.809999,159.779999,136.389999,19.27,27.17,86.940002,4.28
2024-02-16,22.940001,156.979996,131.869995,19.620001,26.34,85.059998,3.62
2024-02-20,22.84,153.25,127.550003,19.09,25.950001,84.419998,3.47
2024-02-21,22.33,150.029999,126.239998,18.5,25.549999,74.139999,3.43
2024-02-22,21.370001,144.729996,123.440002,18.24,26.190001,69.93,3.16
2024-02-23,21.17,142.889999,118.190002,18.5,26.09,67.349998,3.18
2024-02-26,21.129999,144.580002,119.839996,19.07,26.18,67.080002,3.15
2024-02-27,21.6,144.990005,121.110001,19.49,27.309999,69.339996,3.28
2024-02-28,20.83,149.25,119.099998,20.860001,26.540001,65.559998,3.17
2024-02-29,21.09,153.889999,127.010002,21.280001,27.040001,67.169998,3.11
2024-03-01,20.969999,158.050003,129.660004,22.889999,27.27,67.879997,3.18
2024-03-04,20.290001,156.699997,123.970001,22.93,26.5,67.059998,3.25
2024-03-05,19.66,159.059998,125.089996,22.49,26.459999,67.610001,3.07
2024-03-06,20.35,158.419998,125.360001,24.299999,27.530001,70.360001,2.98
2024-03-07,20.76,160.350006,129.690002,25.860001,27.790001,75.260002,2.9
2024-03-08,20.629999,161.350006,130.279999,28.049999,28.18,75.720001,3.03
2024-03-11,20.59,162.160004,128.690002,28.92,29.17,74.489998,2.95
2024-03-12,20.219999,159.380005,121.0,29.41,28.49,72.139999,2.75
2024-03-13,19.559999,158.039993,118.169998,29.209999,27.67,67.849998,2.64
2024-03-14,19.379999,149.389999,110.410004,27.110001,26.0,64.57,2.67
2024-03-15,19.440001,147.419998,107.730003,26.690001,26.370001,61.560001,2.83
2024-03-18,19.139999,149.479996,111.190002,26.200001,26.459999,62.700001,2.82
2024-03-19,18.709999,147.479996,109.160004,26.23,26.450001,62.25,2.76
2024-03-20,19.25,151.020004,113.699997,27.08,24.9,65.449997,2.98
2024-03-21,18.82,152.679993,115.379997,26.809999,23.66,66.730003,2.99
2024-03-22,18.18,153.309998,114.610001,27.469999,22.43,64.699997,2.75
2024-03-25,18.360001,154.770004,111.050003,26.59,22.17,64.019997,2.57
2024-03-26,17.98,153.160004,109.349998,26.34,22.51,63.43,2.49
2024-03-27,19.4,167.449997,119.800003,26.709999,24.74,69.690002,2.87
2024-03-28,19.76,168.800003,120.980003,28.15,25.190001,70.980003,3.0
2024-04-01,19.709999,171.869995,118.290001,28.040001,25.200001,70.959999,2.9
2024-04-02,19.110001,167.169998,113.550003,26.98,23.91,66.889999,2.8
2024-04-03,19.43,166.729996,118.599998,26.91,24.34,68.389999,2.9
2024-04-04,18.540001,171.460007,120.779999,26.700001,23.83,68.769997,2.85
2024-04-05,17.15,174.600006,112.269997,27.040001,23.27,66.690002,2.66
2024-04-08,17.370001,179.220001,115.239998,25.92,23.68,66.949997,2.62
2024-04-09,18.74,184.699997,121.980003,26.959999,25.6,72.089996,2.76
2024-04-10,17.360001,185.289993,119.599998,25.709999,25.32,70.699997,2.55
