CSIQ,FSLR,ENPH,DQ,JKS,SEDG,SPWR
22.52,57.240002,29.34,10.996,23.84,5.127701,5.127701
21.799999,57.02,29.290001,10.89,22.59,4.826457,4.826457
22.32,55.830002,29.66,10.77,22.49,4.891945,4.891945
22.360001,56.669998,29.99,10.672,22.74,5.003274,5.003274
22.57,56.700001,31.0,10.876,22.23,5.02947,5.02947
22.889999,56.700001,31.59,11.134,22.780001,5.166994,5.166994
22.549999,56.5,30.67,11.212,22.540001,5.068762,5.068762
23.059999,57.439999,30.790001,11.888,23.09,5.507531,5.507531
23.450001,58.779999,30.200001,11.786,24.35,5.664702,5.664702
23.280001,54.75,30.16,11.014,23.200001,5.651604,5.651604
23.02,53.93,30.83,10.73,22.620001,5.756385,5.756385
22.41,53.52,31.5,10.726,22.83,5.743287,5.743287
22.01,51.549999,31.26,11.084,22.209999,5.743287,5.743287
21.77,50.560001,31.620001,10.618,21.200001,5.710544,5.710544
21.389999,52.02,32.07,10.472,20.719999,5.933202,5.933202
21.08,51.939999,32.700001,10.262,20.389999,5.749836,5.749836
20.209999,50.490002,29.950001,10.076,19.389999,5.494434,5.494434
20.719999,51.110001,32.240002,10.194,19.66,5.671251,5.671251
20.5,50.900002,32.560001,10.656,19.6,5.671251,5.671251
20.5,50.720001,33.490002,10.452,19.440001,5.717092,5.717092
20.049999,49.580002,31.52,10.116,18.700001,5.579568,5.579568
20.620001,50.240002,32.919998,10.378,19.360001,5.749836,5.749836
21.299999,52.669998,36.900002,11.496,20.51,6.077276,6.077276
21.66,53.099998,36.91,11.656,21.540001,6.240995,6.240995
21.85,52.650002,38.389999,12.548,22.25,6.411264,6.411264
21.219999,52.459999,38.049999,11.55,21.639999,6.234447,6.234447
21.370001,52.75,38.610001,11.574,21.690001,6.221349,6.221349
22.84,53.529999,39.66,13.348,25.74,6.476752,6.476752
24.129999,56.119999,41.5,15.05,28.639999,7.164375,7.164375
23.92,54.610001,41.34,14.296,25.73,5.776031,5.776031
23.32,55.259998,41.09,14.512,25.5,5.46169,5.46169
23.51,55.650002,40.169998,14.716,25.66,6.031434,6.031434
24.639999,57.369999,57.220001,15.528,28.219999,6.823838,6.823838
24.469999,59.32,58.740002,15.304,28.24,7.000655,7.000655
23.01,50.59,59.09,15.242,27.209999,6.679764,6.679764
21.799999,51.209999,55.259998,14.576,26.549999,6.509496,6.509496
21.85,48.57,50.900002,14.206,25.83,6.227898,6.227898
21.67,46.110001,51.869999,14.234,25.42,5.815324,5.815324
20.629999,44.25,48.759998,13.394,23.59,5.474787,5.474787
20.4,45.77,48.970001,13.114,22.84,5.612312,5.612312
20.610001,44.950001,51.400002,12.98,22.889999,5.710544,5.710544
20.91,44.209999,52.369999,12.646,21.9,5.834971,5.834971
21.469999,45.48,53.470001,12.664,22.6,6.044532,6.044532
21.5,45.470001,56.689999,12.334,23.0,6.123117,6.123117
20.309999,43.369999,53.049999,11.8,22.190001,5.599214,5.599214
17.35,39.150002,43.380001,10.146,18.35,4.505566,4.505566
18.209999,41.080002,45.59,11.37,19.25,4.499018,4.499018
17.889999,37.23,41.73,11.54,19.0,4.073346,4.073346
16.280001,36.560001,33.02,10.57,17.809999,3.313687,3.313687
16.799999,35.959999,32.860001,11.33,17.41,3.313687,3.313687
13.24,31.540001,27.450001,10.52,12.36,2.940406,2.940406
14.8,32.259998,29.280001,11.07,13.55,3.510151,3.510151
13.47,30.200001,23.99,8.566,12.51,3.222004,3.222004
14.06,33.459999,26.25,9.732,13.02,3.641126,3.641126
14.71,33.689999,26.0,9.116,13.32,3.804846,3.804846
14.43,33.07,27.51,8.896,13.92,4.034054,4.034054
15.4,33.709999,34.34,11.384,16.75,4.440079,4.440079
15.45,34.790001,36.810001,11.964,16.48,4.368042,4.368042
17.42,37.619999,36.130001,11.926,17.290001,4.178127,4.178127
15.28,35.630001,32.380001,10.756,14.85,3.582187,3.582187
15.64,36.060001,32.0,11.118,14.93,3.529797,3.529797
15.91,36.060001,32.290001,11.584,14.85,3.320236,3.320236
14.74,33.439999,29.77,10.09,13.6,3.104126,3.104126
15.29,35.310001,29.92,10.818,14.18,3.208906,3.208906
14.9,34.380001,28.690001,10.284,14.07,3.097577,3.097577
16.370001,36.75,34.049999,10.536,14.9,3.634578,3.634578
16.18,37.349998,35.040001,10.038,15.23,3.706614,3.706614
16.889999,38.900002,37.93,10.624,15.7,3.876883,3.876883
16.879999,40.450001,38.060001,9.982,15.93,4.119188,4.119188
17.08,40.610001,37.779999,10.552,16.57,4.197773,4.197773
17.75,42.119999,41.400002,10.46,17.08,4.368042,4.368042
17.190001,40.93,39.610001,9.954,16.41,4.243615,4.243615
16.780001,40.150002,38.790001,9.644,16.18,4.237066,4.237066
17.299999,42.200001,38.959999,9.338,16.57,4.368042,4.368042
16.780001,41.0,39.009998,9.584,15.91,4.125737,4.125737
15.87,39.18,35.509998,8.932,14.8,4.027505,4.027505
16.43,40.23,38.240002,9.442,15.47,4.178127,4.178127
16.969999,42.290001,39.48,9.436,15.77,4.479371,4.479371
16.860001,40.84,37.73,9.244,15.19,4.374591,4.374591
17.24,43.259998,37.209999,9.486,15.68,4.505566,4.505566
17.23,41.77,43.0,9.628,15.22,4.656189,4.656189
18.58,45.549999,48.990002,10.242,16.24,5.062213,5.062213
17.84,44.009998,46.830002,10.426,15.82,4.81336,4.81336
17.139999,41.98,43.25,9.926,14.8,4.48592,4.48592
17.58,43.400002,43.98,9.64,15.36,4.662737,4.662737
17.540001,43.099998,44.369999,9.786,15.03,4.715128,4.715128
18.1,43.119999,52.68,11.106,15.62,4.91814,4.91814
18.09,44.66,54.490002,10.936,15.92,4.75442,4.75442
18.540001,44.16,57.279999,11.256,15.82,5.049116,5.049116
18.26,42.869999,59.580002,11.054,15.81,4.826457,4.826457
17.709999,40.349998,59.27,10.78,15.13,4.629993,4.629993
17.200001,39.43,57.470001,10.022,14.62,4.459725,4.459725
16.809999,39.790001,56.98,9.746,14.75,4.237066,4.237066
17.049999,39.369999,58.380001,9.64,14.53,4.151932,4.151932
17.98,42.369999,64.419998,10.212,15.6,4.695481,4.695481
19.27,43.23,67.040001,10.974,17.1,4.891945,4.891945
18.92,43.939999,64.169998,11.892,16.77,4.675835,4.675835
18.709999,43.759998,59.93,11.562,15.89,4.499018,4.499018
18.200001,43.470001,56.419998,10.456,15.05,4.400786,4.400786
19.049999,46.560001,58.43,10.502,15.84,4.767518,4.767518
19.280001,46.610001,57.860001,10.378,15.78,4.774067,4.774067
18.139999,45.52,55.799999,10.058,15.22,4.59725,4.59725
18.799999,46.619999,58.189999,10.234,15.81,4.728225,4.728225
18.709999,48.009998,59.68,10.856,15.6,4.846103,4.846103
18.4,47.900002,56.950001,10.688,15.58,4.826457,4.826457
19.09,49.5,53.32,11.098,16.860001,5.094957,5.094957
19.23,49.610001,51.639999,11.234,17.42,4.97053,4.97053
19.23,51.380001,54.59,11.776,18.049999,5.239031,5.239031
20.200001,54.439999,52.900002,12.398,19.129999,5.841519,5.841519
19.1,53.060001,51.580002,11.47,17.969999,5.284872,5.284872
18.440001,51.189999,49.349998,11.748,18.190001,5.003274,5.003274
16.950001,48.939999,47.66,11.312,16.959999,4.584152,4.584152
17.74,49.419998,48.630001,11.602,17.85,4.826457,4.826457
17.84,50.110001,50.450001,11.366,16.27,4.819908,4.819908
18.07,51.310001,52.759998,11.166,16.280001,5.022921,5.022921
17.41,49.900002,39.040001,11.398,15.87,4.610347,4.610347
17.76,50.470001,45.720001,11.882,15.65,4.636542,4.636542
18.049999,50.200001,46.720001,11.996,16.040001,4.767518,4.767518
17.76,49.799999,45.560001,12.042,15.67,4.675835,4.675835
18.43,51.919998,45.490002,13.77,16.9,4.885396,4.885396
18.66,49.080002,46.68,14.662,17.41,4.734774,4.734774
19.139999,50.380001,45.799999,14.292,17.68,5.042567,5.042567
18.469999,48.759998,45.299999,13.952,16.98,4.721676,4.721676
19.030001,49.610001,47.450001,15.264,17.9,4.891945,4.891945
19.27,49.5,47.57,14.848,17.709999,5.016372,5.016372
19.33,49.09,49.060001,17.191999,18.799999,4.996726,4.996726
20.040001,49.880001,48.860001,17.030001,19.139999,5.08186,5.08186
22.1,53.41,50.16,19.434,21.469999,5.553373,5.553373
22.290001,53.16,50.639999,17.738001,21.360001,5.638507,5.638507
23.67,58.060001,54.93,18.434,22.9,6.168959,6.168959
23.889999,57.200001,55.790001,17.997999,21.940001,6.404715,6.404715
23.4,57.490002,55.43,17.924,21.0,6.044532,6.044532
23.15,56.209999,52.32,17.534,20.719999,5.874263,5.874263
23.690001,61.779999,55.880001,18.552,20.9,6.463654,6.463654
23.73,60.98,57.950001,18.628,21.66,6.941716,6.941716
22.799999,59.029999,57.740002,17.521999,19.860001,6.411264,6.411264
23.43,61.0,59.310001,17.742001,20.530001,6.293386,6.293386
24.879999,62.16,63.540001,22.222,22.25,6.777996,6.777996
23.23,60.740002,61.099998,21.356001,20.33,6.411264,6.411264
23.0,61.150002,62.080002,21.892,19.98,6.457105,6.457105
22.959999,62.5,61.669998,21.889999,20.360001,6.627374,6.627374
22.76,62.16,59.650002,21.709999,19.1,6.37852,6.37852
24.629999,62.259998,62.220001,21.878,20.290001,6.981009,6.981009
23.01,59.68,57.23,20.854,19.280001,6.411264,6.411264
22.77,60.110001,59.119999,21.0,19.51,6.37852,6.37852
22.549999,59.700001,59.139999,22.194,19.43,6.247544,6.247544
22.139999,59.549999,60.360001,22.181999,19.15,6.11002,6.11002
22.42,60.84,61.209999,23.322001,19.950001,6.483301,6.483301
23.98,64.040001,68.949997,24.844,21.299999,7.275704,7.275704
23.77,65.730003,74.989998,24.93,21.27,7.531107,7.531107
23.620001,64.459999,71.370003,23.77,20.950001,7.308448,7.308448
25.32,72.93,72.839996,24.51,21.879999,7.766863,7.766863
24.459999,72.5,71.839996,23.827999,21.07,7.94368,7.94368
24.040001,70.190002,67.300003,23.209999,20.41,7.616241,7.616241
25.030001,73.529999,71.190002,23.806,21.49,7.799607,7.799607
26.379999,75.709999,74.879997,23.190001,22.0,7.629339,7.629339
25.889999,74.309998,73.160004,22.427999,21.35,7.432875,7.432875
25.940001,73.610001,75.059998,22.882,21.620001,7.518009,7.518009
26.700001,74.410004,75.160004,24.483999,22.9,7.694826,7.694826
26.59,75.849998,75.489998,25.038,22.58,7.799607,7.799607
25.690001,73.660004,73.089996,24.573999,21.360001,7.354289,7.354289
25.959999,74.099998,73.139999,24.601999,21.52,7.662083,7.662083
27.059999,76.519997,73.360001,24.917999,22.219999,7.956778,7.956778
27.719999,77.370003,75.93,26.674,22.32,8.696791,8.696791
28.049999,78.190002,75.239998,25.771999,21.91,8.91945,8.91945
28.639999,77.610001,73.440002,24.639999,21.620001,11.05,11.05
32.52,80.0,76.040001,25.034,23.25,11.43,11.43
32.490002,76.589996,77.230003,22.562,22.84,11.19,11.19
33.75,78.419998,78.709999,22.712,23.16,11.93,11.93
33.490002,77.449997,77.019997,22.374001,22.92,12.05,12.05
30.83,72.5,67.800003,20.188,20.41,11.22,11.22
30.299999,72.059998,66.160004,19.856001,20.110001,11.09,11.09
29.860001,69.370003,65.050003,20.062,20.059999,10.99,10.99
30.969999,71.699997,67.709999,19.774,20.75,11.73,11.73
27.68,69.889999,66.099998,19.306,20.48,10.66,10.66
28.42,69.910004,65.099998,22.514,21.139999,10.64,10.64
30.139999,71.459999,69.489998,23.378,22.809999,10.97,10.97
31.27,72.889999,72.160004,24.0,23.35,11.02,11.02
30.48,71.959999,72.830002,23.774,23.700001,10.69,10.69
29.52,64.0,66.870003,22.844,23.43,9.89,9.89
29.280001,61.75,68.269997,22.282,24.5,10.11,10.11
29.43,61.669998,70.720001,22.556,27.450001,10.03,10.03
29.65,61.549999,72.230003,23.021999,27.66,10.17,10.17
30.280001,62.02,70.269997,24.903999,33.459999,10.21,10.21
29.9,61.299999,69.410004,24.278,32.830002,10.14,10.14
32.18,63.049999,73.620003,24.374001,35.59,10.66,10.66
34.02,65.370003,78.139999,25.983999,37.77,11.7,11.7
34.040001,65.760002,80.800003,26.110001,39.25,11.96,11.96
35.099998,66.199997,82.589996,27.048,39.759998,12.51,12.51
36.349998,68.57,89.510002,29.832001,42.740002,13.36,13.36
35.900002,67.239998,90.43,29.757999,44.130001,13.56,13.56
38.25,71.5,98.050003,33.599998,48.32,15.56,15.56
38.919998,73.440002,98.57,34.400002,47.77,15.61,15.61
40.779999,78.709999,107.82,37.756001,55.91,17.33,17.33
39.48,77.120003,105.5,37.307999,54.959999,16.889999,16.889999
41.619999,78.809998,109.18,39.306,62.84,17.43,17.43
37.849998,79.309998,104.43,39.226002,59.400002,16.52,16.52
39.240002,82.93,106.650002,42.444,62.650002,16.66,16.66
39.700001,83.720001,108.970001,43.751999,68.029999,16.870001,16.870001
38.91,82.279999,110.709999,40.335999,66.870003,16.98,16.98
37.970001,84.18,110.839996,40.001999,69.910004,16.969999,16.969999
39.459999,83.43,114.690002,42.228001,75.629997,17.52,17.52
44.119999,84.300003,116.139999,48.397999,87.550003,17.690001,17.690001
39.509998,81.599998,101.529999,39.821999,68.610001,16.120001,16.120001
39.900002,82.650002,103.459999,39.599998,69.370003,16.41,16.41
40.369999,85.370003,103.330002,39.618,64.389999,16.860001,16.860001
38.740002,83.75,103.669998,35.762001,64.919998,16.42,16.42
38.009998,82.389999,98.629997,34.778,59.459999,15.49,15.49
37.990002,93.309998,102.809998,35.875999,59.720001,16.200001,16.200001
37.68,87.459999,102.510002,37.537998,61.02,16.389999,16.389999
36.349998,87.050003,98.089996,36.521999,58.299999,15.99,15.99
36.959999,88.889999,103.830002,39.824001,62.77,16.85,16.85
36.73,87.239998,104.75,40.028,64.120003,17.049999,17.049999
35.700001,79.779999,106.190002,37.341999,56.330002,16.57,16.57
39.970001,86.900002,120.260002,44.284,72.349998,19.389999,19.389999
39.849998,88.269997,122.529999,44.557999,65.330002,20.33,20.33
39.32,86.110001,117.080002,41.897999,62.490002,19.26,19.26
38.93,80.75,109.389999,40.0,61.169998,18.57,18.57
40.509998,84.199997,120.43,44.374001,67.760002,19.51,19.51
39.419998,81.400002,117.209999,42.630001,63.439999,18.73,18.73
38.830002,79.949997,116.589996,43.476002,64.5,18.99,18.99
38.73,80.209999,119.93,43.683998,62.470001,19.73,19.73
39.689999,81.480003,125.120003,43.580002,61.700001,20.440001,20.440001
38.720001,81.989998,124.919998,39.869999,59.439999,19.85,19.85
37.16,84.059998,128.889999,40.080002,59.23,21.030001,21.030001
38.43,84.690002,129.589996,41.709999,62.709999,21.700001,21.700001
39.830002,86.919998,134.429993,40.84,67.050003,21.93,21.93
40.619999,90.410004,136.020004,42.529999,67.040001,22.99,22.99
42.900002,92.449997,139.070007,43.09,68.510002,23.35,23.35
44.169998,94.699997,140.559998,45.259998,72.370003,23.16,23.16
42.759998,93.43,136.570007,43.02,69.040001,22.16,22.16
41.98,91.059998,128.850006,40.32,64.599998,21.24,21.24
41.900002,90.489998,127.93,40.139999,63.07,21.65,21.65
40.439999,88.919998,127.669998,39.200001,61.380001,20.690001,20.690001
40.529999,89.260002,130.460007,39.720001,61.400002,20.91,20.91
39.709999,88.75,129.320007,39.16,58.360001,21.049999,21.049999
39.959999,89.889999,134.740005,41.709999,62.419998,22.18,22.18
37.529999,86.220001,127.260002,41.02,57.860001,20.82,20.82
38.009998,86.540001,131.210007,42.490002,57.5,21.16,21.16
37.950001,86.370003,139.910004,43.139999,53.0,21.5,21.5
38.650002,86.589996,145.070007,48.310001,53.700001,21.99,21.99
43.02,91.260002,160.460007,55.990002,63.25,24.870001,24.870001
42.099998,91.769997,163.309998,57.279999,61.650002,25.01,25.01
41.360001,92.32,163.520004,57.139999,59.290001,24.620001,24.620001
45.02,93.589996,164.410004,58.259998,65.25,25.5,25.5
47.98,96.410004,170.779999,61.220001,71.309998,27.51,27.51
53.16,105.160004,177.270004,64.790001,78.519997,30.65,30.65
52.93,101.830002,180.320007,58.389999,79.959999,30.040001,30.040001
52.709999,102.400002,181.389999,54.77,72.209999,29.870001,29.870001
51.259998,101.190002,175.490005,56.650002,68.860001,26.309999,26.309999
49.509998,96.980003,170.199997,55.790001,65.5,24.73,24.73
50.68,100.339996,172.929993,57.060001,64.089996,25.889999,25.889999
51.240002,98.919998,175.470001,57.360001,61.869999,25.639999,25.639999
52.639999,101.239998,172.240005,62.330002,64.07,25.309999,25.309999
50.52,92.160004,181.479996,68.800003,64.730003,24.74,24.74
54.310001,99.690002,203.380005,73.5,68.660004,29.73,29.73
56.610001,105.5,213.759995,79.779999,72.309998,31.299999,31.299999
56.07,104.099998,207.410004,77.110001,66.400002,29.299999,29.299999
56.200001,103.760002,201.679993,76.529999,66.269997,29.65,29.65
55.98,104.32,206.490005,85.300003,65.970001,30.24,30.24
54.450001,104.18,203.690002,77.410004,63.0,31.59,31.59
55.619999,106.040001,208.830002,75.669998,62.419998,35.080002,35.080002
51.27,96.580002,190.589996,72.0,57.990002,31.959999,31.959999
55.029999,100.239998,201.279999,82.830002,63.389999,36.849998,36.849998
57.220001,101.75,199.399994,83.559998,67.029999,37.369999,37.369999
64.150002,107.529999,212.089996,94.470001,68.349998,43.779999,43.779999
63.0,106.669998,212.070007,96.769997,68.5,47.209999,47.209999
60.57,104.940002,202.729996,96.139999,67.900002,47.330002,47.330002
60.459999,104.690002,187.339996,101.889999,69.839996,53.919998,53.919998
58.900002,102.809998,179.020004,103.879997,70.489998,52.34,52.34
57.48,105.099998,193.740005,97.339996,66.519997,52.889999,52.889999
54.75,99.150002,182.350006,88.059998,61.990002,54.009998,54.009998
55.849998,98.309998,186.339996,103.410004,63.689999,48.689999,48.689999
57.77,97.290001,192.630005,115.849998,65.139999,43.759998,43.759998
59.209999,98.940002,196.339996,119.699997,65.550003,44.790001,44.790001
58.169998,98.589996,195.630005,108.669998,62.43,40.130001,40.130001
57.880001,97.400002,193.199997,109.190002,63.650002,43.529999,43.529999
59.5,100.330002,197.869995,114.089996,64.910004,45.349998,45.349998
60.73,101.849998,200.100006,124.129997,64.120003,49.119999,49.119999
60.75,99.879997,202.070007,119.529999,62.849998,49.139999,49.139999
61.23,99.589996,199.080002,118.910004,64.989998,49.959999,49.959999
60.470001,100.75,206.509995,123.830002,65.349998,49.810001,49.810001
57.880001,98.709999,193.5,120.220001,63.869999,46.540001,46.540001
55.82,95.839996,189.339996,112.510002,61.029999,43.610001,43.610001
52.009998,91.379997,180.839996,107.269997,57.560001,36.330002,36.330002
52.779999,90.959999,189.740005,104.800003,58.139999,37.759998,37.759998
48.040001,86.610001,167.860001,95.25,52.299999,33.529999,33.529999
46.349998,86.970001,170.889999,92.75,50.41,35.389999,35.389999
48.759998,88.029999,180.869995,105.400002,53.970001,37.75,37.75
45.619999,81.400002,167.369995,97.900002,49.939999,34.59,34.59
46.93,81.019997,176.059998,104.25,51.34,34.77,34.77
49.59,84.889999,186.449997,117.459999,53.41,38.189999,38.189999
47.939999,83.190002,171.690002,109.900002,51.040001,35.150002,35.150002
43.419998,78.879997,161.119995,94.510002,46.0,32.950001,32.950001
41.459999,75.360001,149.880005,86.139999,40.900002,31.27,31.27
40.580002,73.699997,143.550003,79.980003,42.450001,30.68,30.68
39.610001,71.449997,132.059998,72.040001,38.080002,29.09,29.09
43.93,76.669998,148.699997,87.980003,46.48,32.25,32.25
43.32,75.720001,152.429993,78.379997,44.52,32.299999,32.299999
46.950001,81.019997,165.339996,91.209999,50.119999,35.919998,35.919998
45.98,81.949997,164.710007,94.220001,49.380001,36.299999,36.299999
44.84,82.529999,174.160004,88.07,46.790001,36.950001,36.950001
42.52,82.459999,166.309998,85.730003,45.919998,34.0,34.0
41.400002,80.139999,163.820007,87.989998,44.669998,33.290001,33.290001
42.860001,77.610001,148.479996,81.209999,42.540001,30.67,30.67
45.43,79.970001,154.949997,79.230003,43.619999,31.860001,31.860001
48.799999,81.830002,161.110001,80.470001,45.080002,34.439999,34.439999
47.419998,80.519997,155.970001,74.440002,43.700001,32.150002,32.150002
44.990002,80.720001,147.979996,66.089996,39.389999,30.690001,30.690001
44.43,80.730003,148.479996,68.019997,41.290001,31.559999,31.559999
46.84,85.690002,152.070007,70.339996,43.959999,32.869999,32.869999
45.080002,81.610001,142.139999,62.16,38.810001,29.24,29.24
48.869999,86.529999,150.600006,70.580002,44.27,31.52,31.52
49.630001,87.300003,162.160004,75.5,41.689999,33.450001,33.450001
48.509998,86.150002,162.690002,75.190002,42.549999,33.240002,33.240002
46.419998,83.120003,149.419998,70.120003,40.25,32.5,32.5
47.75,84.209999,157.919998,71.25,41.939999,32.529999,32.529999
45.720001,81.0,150.009995,68.080002,39.73,29.540001,29.540001
44.82,81.190002,153.130005,66.220001,38.860001,29.379999,29.379999
43.369999,79.610001,151.350006,69.290001,38.650002,29.709999,29.709999
43.27,78.75,151.869995,67.220001,36.360001,28.200001,28.200001
43.540001,78.989998,153.089996,67.919998,36.169998,28.549999,28.549999
42.66,78.57,151.910004,66.300003,36.560001,28.41,28.41
42.709999,77.169998,145.789993,67.650002,35.810001,26.440001,26.440001
44.110001,80.139999,150.009995,70.260002,37.880001,27.370001,27.370001
42.59,80.209999,141.139999,66.940002,37.009998,26.540001,26.540001
42.91,79.360001,147.0,69.040001,36.970001,25.93,25.93
44.5,83.650002,155.080002,74.889999,38.209999,27.379999,27.379999
44.82,87.150002,160.880005,85.599998,39.650002,27.66,27.66
45.75,88.559998,166.970001,89.510002,39.23,29.01,29.01
46.259998,89.790001,172.649994,91.989998,39.950001,29.49,29.49
45.57,89.690002,171.100006,85.620003,39.66,29.0,29.0
44.009998,88.699997,146.910004,85.720001,38.759998,27.91,27.91
42.889999,87.290001,143.399994,83.580002,37.93,27.139999,27.139999
41.240002,76.529999,139.25,80.489998,36.959999,25.690001,25.690001
41.330002,75.769997,136.410004,79.540001,36.889999,24.860001,24.860001
39.200001,73.82,127.830002,74.510002,34.16,23.0,23.0
39.009998,74.389999,126.879997,77.199997,33.52,23.280001,23.280001
39.200001,73.629997,121.940002,73.589996,31.99,22.559999,22.559999
39.630001,74.620003,122.959999,74.699997,32.41,23.370001,23.370001
37.380001,72.190002,118.120003,72.150002,30.26,21.440001,21.440001
38.110001,71.889999,121.419998,75.459999,31.379999,22.26,22.26
35.549999,69.730003,117.169998,72.370003,30.51,21.25,21.25
35.25,69.57,114.610001,65.110001,30.709999,20.91,20.91
36.619999,72.580002,119.779999,71.730003,31.469999,22.24,22.24
36.099998,71.550003,118.419998,71.239998,30.440001,21.950001,21.950001
36.209999,72.389999,122.510002,71.230003,30.719999,22.200001,22.200001
36.959999,74.239998,130.669998,76.769997,31.709999,23.059999,23.059999
39.290001,76.639999,141.820007,78.410004,34.169998,23.82,23.82
39.049999,75.93,142.279999,77.959999,34.09,23.540001,23.540001
38.41,75.379997,140.869995,72.589996,33.27,23.440001,23.440001
38.18,74.800003,138.529999,71.980003,33.119999,22.67,22.67
41.0,77.529999,143.039993,78.629997,35.98,23.540001,23.540001
39.610001,76.93,142.309998,77.940002,35.34,23.76,23.76
39.580002,76.110001,143.050003,74.379997,36.610001,23.389999,23.389999
40.119999,76.879997,139.440002,78.949997,39.419998,23.190001,23.190001
39.77,76.959999,139.169998,76.400002,41.830002,24.26,24.26
38.240002,75.370003,134.130005,76.93,40.110001,22.549999,22.549999
38.830002,75.839996,134.699997,80.839996,41.209999,22.84,22.84
37.849998,75.010002,137.470001,74.489998,38.389999,23.200001,23.200001
39.169998,75.959999,139.149994,70.769997,39.110001,25.0,25.0
38.59,76.809998,136.970001,68.75,40.25,24.43,24.43
39.900002,80.400002,143.5,67.449997,41.209999,26.440001,26.440001
40.27,79.589996,147.130005,68.690002,46.209999,25.9,25.9
40.25,78.610001,147.649994,68.660004,45.299999,26.040001,26.040001
38.139999,76.169998,144.919998,65.040001,40.310001,24.02,24.02
37.810001,77.400002,152.020004,64.160004,40.299999,24.620001,24.620001
39.43,78.529999,161.990005,61.41,39.959999,26.719999,26.719999
39.389999,76.970001,165.850006,60.5,39.349998,25.370001,25.370001
38.34,78.190002,163.080002,58.700001,41.25,25.41,25.41
37.950001,78.379997,167.300003,56.5,37.139999,25.51,25.51
38.720001,80.190002,170.240005,58.080002,38.369999,27.049999,27.049999
38.689999,84.510002,170.770004,56.48,37.860001,27.780001,27.780001
40.43,87.870003,175.389999,58.66,43.0,27.440001,27.440001
45.5,92.709999,188.330002,66.169998,52.849998,30.68,30.68
47.119999,92.669998,185.710007,66.779999,57.560001,29.889999,29.889999
44.84,90.510002,183.630005,65.019997,56.02,29.219999,29.219999
43.639999,90.169998,183.110001,66.040001,52.07,28.9,28.9
43.080002,90.82,186.410004,62.549999,50.400002,28.809999,28.809999
43.740002,91.190002,188.809998,66.830002,54.349998,29.59,29.59
43.049999,91.269997,181.830002,71.25,60.139999,28.190001,28.190001
41.299999,89.910004,179.720001,68.989998,58.790001,27.58,27.58
40.810001,92.540001,183.800003,67.800003,56.759998,27.92,27.92
43.09,94.290001,185.720001,68.269997,61.900002,29.040001,29.040001
42.040001,92.790001,184.059998,72.349998,61.779999,28.049999,28.049999
39.610001,90.040001,170.789993,68.940002,56.720001,23.940001,23.940001
38.669998,85.599998,165.289993,68.830002,60.259998,23.5,23.5
37.639999,83.489998,163.449997,66.43,58.0,22.65,22.65
37.75,83.050003,165.279999,64.339996,54.209999,23.34,23.34
38.200001,82.68,172.089996,66.080002,56.189999,24.139999,24.139999
40.009998,85.190002,179.789993,79.379997,61.560001,25.43,25.43
39.68,83.68,178.940002,67.669998,60.889999,24.549999,24.549999
39.02,82.949997,178.179993,59.07,56.75,23.75,23.75
38.060001,81.349998,176.679993,56.48,53.669998,23.700001,23.700001
38.310001,81.360001,172.860001,53.75,46.240002,23.110001,23.110001
40.02,83.480003,181.419998,60.360001,53.279999,24.23,24.23
40.709999,83.739998,182.059998,59.389999,52.950001,24.629999,24.629999
40.25,86.040001,189.600006,59.25,53.889999,24.77,24.77
39.869999,88.269997,183.110001,61.029999,54.75,24.18,24.18
41.599998,92.339996,192.619995,60.84,57.09,25.309999,25.309999
41.41,92.209999,193.929993,59.77,55.91,23.02,23.02
40.060001,91.620003,183.449997,58.560001,55.68,23.5,23.5
40.009998,93.150002,179.740005,58.150002,55.18,23.290001,23.290001
40.849998,94.709999,185.559998,60.630001,58.310001,23.93,23.93
42.0,95.75,184.089996,60.84,59.43,24.309999,24.309999
41.48,95.910004,182.289993,57.459999,56.0,23.690001,23.690001
41.599998,96.940002,181.289993,56.610001,53.360001,23.870001,23.870001
38.580002,96.599998,175.0,51.5,45.740002,22.700001,22.700001
37.060001,96.830002,167.539993,49.830002,43.599998,21.98,21.98
34.709999,93.510002,163.479996,48.720001,41.0,21.23,21.23
34.560001,93.650002,162.470001,47.950001,41.209999,21.030001,21.030001
31.99,92.989998,162.889999,45.919998,37.48,20.549999,20.549999
32.360001,94.540001,165.990005,47.080002,40.16,20.940001,20.940001
34.099998,96.040001,172.240005,49.0,41.200001,21.76,21.76
36.0,94.470001,172.919998,50.369999,44.150002,21.82,21.82
36.330002,93.629997,172.910004,54.009998,45.23,21.5,21.5
36.23,93.68,172.429993,52.02,44.099998,21.24,21.24
36.889999,94.440002,174.990005,54.470001,44.450001,21.620001,21.620001
37.369999,95.690002,177.779999,64.0,49.080002,21.530001,21.530001
36.970001,94.0,173.729996,61.310001,49.200001,21.549999,21.549999
37.41,94.059998,176.429993,60.959999,50.189999,22.219999,22.219999
37.59,94.870003,176.889999,64.440002,51.619999,22.25,22.25
37.119999,94.059998,173.940002,61.75,51.43,21.83,21.83
37.380001,94.480003,168.729996,63.950001,51.57,21.959999,21.959999
36.389999,95.43,163.380005,60.709999,48.720001,21.309999,21.309999
36.900002,98.889999,161.360001,63.130001,48.849998,21.67,21.67
36.360001,99.410004,158.220001,61.349998,47.049999,21.26,21.26
37.73,106.169998,160.089996,62.220001,48.200001,22.209999,22.209999
37.09,105.160004,157.949997,61.0,46.779999,21.610001,21.610001
37.599998,104.699997,155.529999,62.16,48.709999,21.690001,21.690001
36.540001,103.290001,156.789993,60.43,46.939999,21.76,21.76
36.970001,104.019997,160.889999,61.93,48.080002,22.48,22.48
34.310001,95.690002,152.440002,56.75,43.709999,20.93,20.93
34.889999,95.010002,154.289993,58.639999,45.599998,21.09,21.09
35.34,95.709999,158.210007,61.07,46.560001,22.25,22.25
34.330002,93.449997,158.320007,57.009998,43.82,22.530001,22.530001
33.720001,91.150002,153.660004,53.82,42.34,22.190001,22.190001
34.669998,95.559998,155.059998,54.209999,44.040001,23.48,23.48
33.610001,95.25,150.710007,51.790001,42.959999,22.780001,22.780001
33.400002,94.07,148.399994,52.349998,41.849998,22.16,22.16
34.59,95.459999,149.970001,57.0,45.810001,22.68,22.68
34.419998,96.57,155.360001,57.91,47.369999,24.870001,24.870001
31.9,95.010002,145.029999,54.790001,43.610001,23.09,23.09
32.080002,95.599998,147.410004,57.299999,44.919998,22.68,22.68
31.790001,95.18,153.580002,56.439999,45.84,23.84,23.84
32.07,97.519997,157.229996,56.860001,46.73,24.719999,24.719999
33.029999,98.669998,154.360001,56.0,47.259998,23.959999,23.959999
34.220001,102.290001,161.259995,61.41,50.09,26.139999,26.139999
36.369999,105.269997,169.839996,65.660004,51.73,27.450001,27.450001
36.82,106.019997,173.210007,66.970001,52.619999,28.209999,28.209999
36.279999,106.199997,173.779999,63.5,50.450001,27.49,27.49
36.709999,105.110001,172.919998,63.970001,51.77,27.540001,27.540001
37.02,104.779999,179.970001,68.089996,53.360001,27.440001,27.440001
37.349998,108.279999,187.059998,71.900002,55.560001,29.57,29.57
37.25,103.230003,180.100006,72.760002,54.68,28.799999,28.799999
38.209999,106.290001,179.800003,72.410004,56.860001,29.76,29.76
37.52,106.220001,176.699997,71.370003,56.16,29.41,29.41
39.049999,109.040001,179.429993,74.43,57.200001,30.66,30.66
38.209999,108.940002,173.460007,70.879997,53.52,29.620001,29.620001
38.790001,110.230003,216.220001,76.220001,57.189999,31.09,31.09
40.849998,117.879997,224.460007,76.510002,59.48,32.48,32.48
41.549999,119.589996,231.630005,77.790001,59.82,33.66,33.66
41.290001,121.139999,239.529999,75.0,56.889999,33.849998,33.849998
39.080002,118.650002,237.610001,68.089996,53.560001,32.57,32.57
39.529999,116.830002,236.580002,69.540001,56.290001,32.950001,32.950001
39.580002,116.660004,242.600006,69.309998,57.75,32.709999,32.709999
38.380001,116.309998,237.899994,65.919998,56.119999,32.59,32.59
38.599998,115.029999,241.619995,67.139999,56.709999,32.27,32.27
38.259998,114.099998,239.389999,66.739998,55.349998,31.870001,31.870001
36.259998,110.989998,231.479996,65.449997,54.93,31.290001,31.290001
40.950001,113.599998,250.490005,70.769997,60.970001,32.09,32.09
39.369999,110.919998,251.619995,72.519997,61.57,32.09,32.09
39.57,112.309998,244.710007,71.129997,59.360001,31.530001,31.530001
40.009998,104.489998,251.589996,69.209999,63.880001,31.32,31.32
38.639999,103.940002,254.860001,68.150002,63.09,30.92,30.92
39.0,103.43,254.479996,68.690002,58.049999,29.450001,29.450001
40.880001,108.370003,267.73999,66.330002,63.689999,30.59,30.59
40.630001,108.160004,261.119995,63.360001,60.299999,30.07,30.07
39.209999,107.139999,250.5,61.970001,58.169998,29.65,29.65
39.240002,108.279999,255.100006,60.299999,56.459999,30.02,30.02
38.279999,105.919998,247.419998,58.52,53.130001,28.469999,28.469999
39.060001,106.849998,256.709991,58.009998,55.990002,29.76,29.76
37.939999,103.599998,250.0,57.34,52.279999,28.65,28.65
36.68,101.639999,236.860001,54.349998,50.959999,27.120001,27.120001
35.220001,102.040001,235.0,48.209999,48.560001,26.889999,26.889999
32.52,98.25,217.100006,43.32,43.580002,24.440001,24.440001
32.939999,99.110001,212.940002,44.060001,44.380001,24.4,24.4
33.669998,101.199997,222.559998,47.299999,46.709999,24.83,24.83
34.110001,100.709999,225.610001,46.490002,48.639999,24.940001,24.940001
32.900002,96.639999,216.350006,44.07,46.52,23.219999,23.219999
32.470001,97.199997,215.020004,43.490002,45.759998,23.389999,23.389999
32.959999,97.07,213.520004,43.830002,46.540001,23.75,23.75
30.98,95.32,202.320007,41.93,45.290001,21.190001,21.190001
31.0,95.18,204.039993,41.830002,44.740002,21.85,21.85
30.209999,91.199997,190.850006,40.790001,44.509998,20.76,20.76
31.860001,93.160004,189.110001,40.700001,46.290001,21.440001,21.440001
30.18,85.760002,178.729996,38.049999,42.560001,19.860001,19.860001
31.860001,89.120003,189.0,40.900002,44.759998,20.75,20.75
31.290001,87.919998,189.330002,39.919998,43.099998,20.559999,20.559999
31.110001,87.370003,188.169998,38.93,43.169998,20.73,20.73
30.959999,87.860001,188.690002,37.59,42.169998,20.91,20.91
30.85,87.349998,186.789993,37.810001,44.099998,20.48,20.48
30.42,87.18,185.470001,37.869999,43.299999,20.219999,20.219999
31.4,88.040001,186.410004,40.939999,46.91,21.01,21.01
31.290001,87.160004,182.940002,40.32,45.959999,20.870001,20.870001
31.33,88.580002,184.449997,41.970001,46.369999,21.549999,21.549999
31.17,87.279999,178.279999,42.009998,46.189999,21.530001,21.530001
29.16,83.510002,157.199997,39.990002,43.560001,19.780001,19.780001
29.17,83.970001,151.490005,39.869999,43.18,19.15,19.15
29.780001,84.68,145.130005,40.09,44.650002,19.379999,19.379999
29.1,84.300003,147.130005,39.580002,44.689999,19.620001,19.620001
29.51,84.449997,148.509995,39.599998,45.57,20.309999,20.309999
29.719999,84.120003,149.279999,41.740002,46.049999,20.379999,20.379999
27.76,82.779999,143.490005,41.220001,45.27,20.110001,20.110001
28.25,83.019997,142.839996,42.369999,47.34,20.16,20.16
27.290001,81.5,135.919998,41.130001,45.43,19.34,19.34
26.4,81.370003,134.580002,42.75,45.5,18.92,18.92
26.440001,81.489998,134.690002,43.369999,46.080002,19.02,19.02
25.18,76.82,126.019997,40.529999,43.369999,15.8,15.8
25.610001,77.93,128.100006,38.889999,41.16,16.709999,16.709999
25.32,75.940002,122.650002,37.25,41.040001,16.280001,16.280001
25.940001,76.370003,121.75,37.82,41.919998,15.99,15.99
25.07,72.220001,119.970001,36.07,40.27,15.12,15.12
25.24,73.419998,123.860001,35.869999,39.349998,15.33,15.33
27.99,78.379997,140.470001,40.119999,44.130001,16.780001,16.780001
27.790001,77.699997,142.669998,39.630001,44.880001,16.549999,16.549999
26.540001,76.370003,139.509995,37.709999,42.470001,15.76,15.76
25.77,71.279999,132.910004,35.720001,40.02,15.09,15.09
26.66,71.0,141.229996,37.779999,42.110001,15.86,15.86
26.709999,69.739998,140.770004,37.169998,40.200001,15.62,15.62
27.34,70.389999,144.5,38.919998,41.91,16.1,16.1
28.200001,74.169998,161.889999,42.400002,43.369999,17.16,17.16
27.91,71.220001,154.639999,40.580002,42.970001,16.77,16.77
27.6,69.309998,145.690002,38.790001,41.150002,16.15,16.15
27.360001,68.230003,143.929993,38.200001,39.23,15.83,15.83
29.33,72.099998,154.289993,41.34,44.279999,17.09,17.09
29.549999,71.669998,154.029999,40.84,44.439999,16.83,16.83
29.0,69.949997,148.369995,40.200001,42.439999,16.33,16.33
28.379999,68.57,140.350006,39.529999,44.0,15.69,15.69
26.52,65.849998,133.029999,38.029999,40.0,14.99,14.99
26.629999,64.900002,126.559998,39.09,40.66,14.84,14.84
29.1,69.040001,147.350006,41.68,42.869999,16.889999,16.889999
29.84,70.68,153.729996,42.919998,43.599998,16.809999,16.809999
31.66,75.290001,166.699997,47.959999,50.610001,17.93,17.93
32.77,75.620003,170.600006,52.220001,54.349998,18.0,18.0
31.129999,69.510002,163.889999,50.93,53.25,17.719999,17.719999
30.58,67.370003,159.029999,49.77,51.169998,17.059999,17.059999
30.860001,71.849998,158.149994,47.630001,49.369999,16.82,16.82
31.9,75.0,158.809998,47.209999,50.880001,17.4,17.4
36.400002,79.519997,175.990005,51.310001,54.939999,20.66,20.66
37.040001,78.889999,179.869995,52.389999,57.0,20.870001,20.870001
34.919998,76.5,178.720001,47.740002,47.040001,20.889999,20.889999
33.16,75.389999,171.070007,41.700001,44.509998,20.5,20.5
28.6,71.989998,157.639999,35.93,38.639999,18.68,18.68
30.68,74.959999,164.639999,36.799999,41.32,19.15,19.15
33.16,77.589996,177.210007,43.110001,49.119999,20.200001,20.200001
33.939999,78.220001,180.850006,41.549999,49.970001,20.540001,20.540001
35.080002,77.599998,184.520004,44.93,52.73,20.530001,20.530001
35.549999,77.389999,185.449997,44.25,51.540001,20.43,20.43
37.209999,79.080002,189.25,46.700001,54.119999,21.040001,21.040001
36.150002,77.989998,190.190002,45.68,51.860001,20.950001,20.950001
37.189999,79.529999,197.839996,46.040001,53.759998,21.459999,21.459999
35.810001,79.650002,193.809998,44.189999,50.740002,21.01,21.01
35.669998,84.089996,195.520004,44.889999,52.029999,21.49,21.49
36.119999,84.589996,202.360001,46.349998,52.66,22.02,22.02
35.099998,81.940002,196.649994,43.060001,49.880001,20.91,20.91
35.360001,83.739998,201.779999,41.32,48.290001,21.48,21.48
35.82,84.010002,205.889999,43.189999,50.900002,21.41,21.41
37.950001,83.959999,216.380005,46.299999,51.580002,24.040001,24.040001
35.540001,80.330002,211.229996,45.150002,49.369999,23.48,23.48
34.669998,78.129997,203.990005,43.900002,48.779999,22.469999,22.469999
34.5,78.540001,206.949997,43.950001,48.790001,22.16,22.16
33.700001,77.610001,195.139999,42.419998,47.849998,21.25,21.25
34.02,78.860001,187.880005,43.009998,50.349998,21.68,21.68
33.91,79.099998,185.949997,40.34,51.080002,21.389999,21.389999
34.360001,79.699997,193.229996,44.709999,54.119999,21.360001,21.360001
33.509998,78.120003,190.509995,44.18,54.580002,20.4,20.4
33.57,78.660004,190.029999,44.279999,54.330002,20.549999,20.549999
34.330002,78.730003,195.600006,46.740002,56.610001,21.16,21.16
32.439999,76.93,178.529999,44.41,55.630001,20.459999,20.459999
30.25,74.43,156.559998,40.529999,50.810001,18.469999,18.469999
29.530001,72.370003,153.630005,41.279999,51.98,17.91,17.91
28.76,72.449997,157.600006,40.77,52.18,17.66,17.66
27.51,71.440002,153.830002,39.57,50.200001,17.370001,17.370001
27.780001,72.139999,165.710007,39.860001,55.09,17.15,17.15
28.059999,72.260002,164.470001,41.220001,53.369999,17.18,17.18
27.52,73.029999,161.399994,41.57,51.259998,16.51,16.51
27.809999,73.639999,168.330002,40.349998,50.560001,16.9,16.9
28.91,75.110001,174.529999,42.57,54.099998,17.690001,17.690001
30.51,78.699997,191.940002,46.849998,60.0,19.059999,19.059999
29.26,76.410004,181.139999,44.209999,54.380001,18.08,18.08
28.120001,72.139999,165.889999,42.009998,51.650002,16.9,16.9
25.690001,68.25,150.509995,38.040001,47.310001,15.32,15.32
25.780001,67.580002,151.649994,39.709999,47.400002,15.89,15.89
23.299999,61.720001,137.550003,37.580002,45.720001,13.73,13.73
22.540001,61.400002,140.940002,38.790001,47.060001,13.92,13.92
24.34,64.25,157.789993,41.16,51.0,15.21,15.21
24.23,62.77,151.029999,40.349998,50.25,15.2,15.2
26.700001,65.400002,158.110001,44.07,52.580002,15.9,15.9
27.26,65.360001,156.169998,45.029999,53.849998,15.71,15.71
28.76,66.470001,165.539993,45.950001,56.450001,16.68,16.68
29.389999,65.769997,168.25,47.459999,57.16,16.6,16.6
29.139999,66.059998,169.550003,46.450001,57.389999,16.58,16.58
30.620001,64.589996,162.509995,44.110001,57.75,15.95,15.95
29.190001,66.040001,169.279999,46.560001,58.299999,16.459999,16.459999
30.309999,68.080002,178.779999,48.610001,60.200001,17.030001,17.030001
31.299999,72.010002,188.949997,47.560001,58.939999,18.190001,18.190001
32.060001,70.610001,186.190002,48.900002,61.27,17.67,17.67
32.25,70.870003,182.490005,49.98,59.779999,17.620001,17.620001
33.43,74.239998,198.929993,54.150002,61.91,18.700001,18.700001
33.099998,74.93,196.339996,55.080002,62.139999,18.379999,18.379999
35.610001,71.989998,206.970001,61.73,67.099998,18.879999,18.879999
35.09,72.0,209.630005,64.010002,66.779999,19.360001,19.360001
34.689999,71.690002,204.770004,63.639999,65.589996,19.040001,19.040001
34.02,69.830002,200.509995,60.990002,61.68,18.860001,18.860001
32.34,68.0,196.190002,62.220001,62.110001,18.040001,18.040001
30.16,63.130001,178.240005,58.43,58.369999,16.709999,16.709999
29.370001,61.950001,179.520004,56.57,57.529999,16.48,16.48
29.780001,64.029999,188.479996,57.080002,57.119999,17.389999,17.389999
28.23,62.009998,169.600006,53.970001,53.759998,16.07,16.07
30.629999,66.709999,184.75,58.439999,56.07,17.93,17.93
31.219999,68.199997,193.289993,67.0,61.959999,17.290001,17.290001
31.26,67.599998,193.429993,67.449997,60.700001,16.65,16.65
32.380001,69.599998,200.669998,66.269997,62.029999,17.49,17.49
32.380001,70.07,198.389999,67.209999,61.57,17.360001,17.360001
33.950001,70.620003,206.169998,72.110001,67.870003,18.129999,18.129999
31.84,67.75,190.649994,67.529999,66.339996,16.969999,16.969999
30.09,66.839996,184.639999,67.169998,64.230003,15.14,15.14
31.139999,68.129997,195.240005,71.379997,69.18,15.81,15.81
31.120001,68.150002,195.720001,70.690002,67.239998,15.65,15.65
30.17,66.230003,192.589996,70.959999,68.059998,15.89,15.89
29.280001,66.160004,194.929993,67.0,65.550003,15.69,15.69
32.130001,70.639999,206.839996,77.0,74.400002,16.790001,16.790001
32.98,72.510002,216.449997,73.830002,75.540001,17.98,17.98
29.58,69.290001,206.059998,68.839996,70.260002,16.389999,16.389999
29.299999,68.419998,189.470001,65.599998,65.160004,16.209999,16.209999
29.309999,69.160004,192.630005,69.5,66.519997,16.34,16.34
29.41,71.040001,196.919998,70.150002,65.209999,16.559999,16.559999
29.15,65.269997,194.910004,66.839996,63.470001,16.0,16.0
30.16,67.010002,206.429993,67.099998,63.830002,16.42,16.42
30.76,70.650002,213.339996,67.459999,62.419998,16.639999,16.639999
31.940001,72.980003,218.830002,66.129997,62.75,17.360001,17.360001
31.48,73.260002,219.779999,64.419998,61.57,17.01,17.01
32.200001,72.589996,211.539993,59.720001,60.830002,16.440001,16.440001
33.549999,74.150002,218.550003,60.369999,62.509998,16.6,16.6
32.25,73.57,216.100006,60.34,60.959999,15.88,15.88
34.060001,76.760002,254.770004,64.43,63.610001,16.780001,16.780001
36.0,88.5,274.179993,64.25,65.330002,19.83,19.83
36.889999,99.169998,284.179993,64.699997,66.32,20.370001,20.370001
35.810001,99.489998,280.890015,61.23,61.650002,19.83,19.83
36.619999,99.720001,292.26001,61.66,62.75,21.700001,21.700001
36.27,97.889999,290.25,62.509998,61.389999,22.24,22.24
37.32,99.169998,295.820007,66.82,63.459999,22.76,22.76
38.669998,101.900002,300.910004,64.529999,60.869999,24.08,24.08
39.119999,106.739998,287.73999,64.099998,60.459999,24.040001,24.040001
39.849998,109.010002,290.820007,66.050003,62.450001,24.65,24.65
41.919998,114.510002,303.25,70.709999,68.269997,26.530001,26.530001
40.950001,114.580002,292.899994,70.730003,66.709999,25.690001,25.690001
41.900002,117.970001,299.26001,68.739998,64.260002,26.620001,26.620001
41.400002,118.220001,301.130005,68.580002,62.259998,26.5,26.5
39.93,116.989998,292.940002,68.25,61.25,25.870001,25.870001
39.23,116.300003,293.130005,66.580002,60.150002,25.389999,25.389999
45.189999,117.82,294.0,66.730003,62.650002,25.809999,25.809999
42.009998,115.410004,283.700012,63.07,58.970001,24.940001,24.940001
44.16,114.480003,280.76001,62.290001,56.400002,24.610001,24.610001
44.040001,114.419998,285.410004,62.73,57.360001,24.57,24.57
44.939999,118.440002,293.089996,62.23,57.689999,25.440001,25.440001
44.77,121.690002,299.809998,66.559998,58.650002,25.67,25.67
44.549999,121.75,288.589996,71.870003,59.779999,25.059999,25.059999
44.630001,121.690002,284.820007,67.989998,60.669998,24.690001,24.690001
43.5,122.309998,285.769989,64.730003,60.490002,24.129999,24.129999
45.169998,127.550003,286.440002,66.669998,60.869999,24.0,24.0
44.959999,127.839996,281.859985,68.279999,57.599998,23.1,23.1
44.380001,126.410004,279.070007,64.43,56.889999,22.84,22.84
44.790001,127.599998,292.820007,64.809998,58.959999,23.959999,23.959999
47.009998,134.800003,316.309998,68.57,62.700001,27.370001,27.370001
43.759998,137.529999,317.410004,63.419998,60.380001,27.790001,27.790001
43.02,135.820007,305.700012,64.949997,60.82,28.129999,28.129999
41.490002,136.789993,308.929993,64.190002,61.57,27.59,27.59
42.16,136.759995,305.5,61.939999,61.639999,26.9,26.9
42.419998,135.759995,320.619995,62.630001,61.5,27.6,27.6
40.380001,132.020004,312.179993,57.810001,58.080002,26.51,26.51
40.139999,135.809998,318.01001,56.380001,57.049999,26.65,26.65
40.099998,137.039993,316.230011,56.41,56.130001,27.59,27.59
38.119999,133.309998,304.709991,55.990002,55.630001,26.469999,26.469999
38.419998,135.570007,304.559998,55.209999,56.799999,26.48,26.48
37.380001,131.770004,283.630005,51.639999,55.209999,25.18,25.18
36.84,129.850006,279.48999,51.77,53.650002,24.690001,24.690001
36.439999,128.210007,274.920013,51.880001,52.91,24.1,24.1
38.509998,132.309998,284.809998,51.330002,53.5,24.559999,24.559999
39.139999,136.190002,292.309998,52.84,54.189999,24.66,24.66
37.240002,130.929993,277.839996,49.950001,52.060001,22.540001,22.540001
37.25,132.270004,277.470001,53.080002,55.389999,23.040001,23.040001
37.900002,136.619995,286.609985,53.41,54.91,23.48,23.48
38.810001,143.059998,288.25,55.66,56.650002,24.559999,24.559999
37.25,134.589996,261.600006,55.25,55.23,23.120001,23.120001
35.970001,132.059998,257.450012,51.639999,52.549999,22.26,22.26
33.990002,129.419998,255.149994,50.34,50.830002,21.950001,21.950001
33.200001,131.059998,258.179993,49.439999,49.98,21.469999,21.469999
31.77,131.320007,255.800003,48.84,48.91,20.309999,20.309999
30.48,126.879997,248.130005,49.740002,47.240002,18.6,18.6
30.889999,126.540001,248.699997,50.639999,47.220001,17.959999,17.959999
30.200001,123.360001,237.869995,50.720001,47.330002,16.73,16.73
30.41,118.279999,242.289993,48.09,46.299999,16.790001,16.790001
31.16,121.309998,251.419998,50.970001,46.970001,16.82,16.82
30.58,120.209999,243.190002,49.099998,46.09,15.89,15.89
29.790001,118.720001,244.289993,47.52,44.27,15.64,15.64
30.309999,122.599998,252.0,48.369999,45.119999,15.76,15.76
28.790001,124.57,253.300003,45.139999,41.060001,15.78,15.78
29.73,127.150002,265.589996,47.130001,42.709999,17.15,17.15
30.959999,131.399994,291.869995,50.73,46.529999,17.389999,17.389999
31.58,131.179993,306.079987,48.380001,47.849998,17.73,17.73
31.93,132.669998,305.25,46.369999,45.939999,17.889999,17.889999
33.900002,145.570007,307.0,43.990002,47.48,18.49,18.49
33.450001,148.570007,299.480011,44.049999,48.060001,18.25,18.25
32.830002,150.070007,289.5,44.59,47.59,17.219999,17.219999
34.099998,157.729996,296.109985,45.259998,48.759998,18.209999,18.209999
33.689999,153.619995,282.440002,46.110001,49.07,17.530001,17.530001
32.439999,147.25,268.829987,51.099998,49.400002,16.860001,16.860001
34.630001,147.259995,280.070007,52.299999,49.889999,18.690001,18.690001
34.990002,151.160004,284.75,51.720001,47.950001,19.15,19.15
37.02,157.020004,309.25,55.669998,52.040001,22.9,22.9
36.18,150.419998,292.01001,55.709999,50.639999,22.34,22.34
35.73,153.630005,297.940002,53.91,49.080002,22.030001,22.030001
36.75,159.630005,300.730011,57.450001,50.43,22.709999,22.709999
36.5,158.580002,305.179993,55.23,50.07,23.209999,23.209999
36.720001,164.979996,312.959991,55.630001,50.130001,23.85,23.85
36.209999,166.600006,311.940002,53.09,47.869999,23.209999,23.209999
36.610001,165.389999,308.100006,52.25,47.330002,23.209999,23.209999
36.049999,167.660004,320.440002,51.849998,46.869999,23.469999,23.469999
37.009998,169.470001,315.779999,51.200001,48.139999,24.0,24.0
35.75,171.429993,319.420013,49.82,47.810001,24.129999,24.129999
34.0,165.619995,312.209991,50.450001,44.93,23.629999,23.629999
33.82,161.809998,303.390015,50.759998,45.740002,23.200001,23.200001
35.849998,172.529999,320.589996,56.91,51.279999,24.25,24.25
34.650002,168.539993,314.0,53.240002,49.529999,23.629999,23.629999
36.560001,168.320007,336.0,54.029999,55.48,24.49,24.49
36.240002,167.139999,335.820007,51.709999,52.549999,23.719999,23.719999
33.950001,157.470001,309.730011,49.27,50.779999,22.620001,22.620001
33.549999,154.740005,317.049988,47.68,48.209999,22.209999,22.209999
33.16,152.710007,319.869995,46.759998,48.400002,22.24,22.24
33.330002,150.960007,319.549988,49.610001,49.41,22.0,22.0
33.459999,150.279999,320.859985,47.790001,46.880001,22.42,22.42
34.040001,157.080002,325.98999,46.860001,48.529999,23.059999,23.059999
35.200001,160.089996,332.799988,46.189999,49.959999,23.530001,23.530001
34.82,159.410004,314.059998,46.02,50.810001,21.799999,21.799999
34.110001,155.080002,303.390015,44.57,51.040001,21.15,21.15
33.189999,156.770004,305.01001,44.900002,51.630001,20.370001,20.370001
32.34,156.589996,302.070007,44.259998,50.700001,19.91,19.91
33.66,162.059998,317.100006,44.900002,48.98,20.110001,20.110001
31.959999,156.889999,298.869995,42.18,44.119999,18.940001,18.940001
31.02,156.75,293.950012,40.509998,41.169998,18.66,18.66
30.040001,150.220001,274.540009,40.27,41.02,17.98,17.98
29.4,146.169998,267.380005,39.130001,39.66,17.790001,17.790001
30.43,148.779999,265.48999,39.360001,41.029999,18.18,18.18
30.9,149.789993,264.959991,38.610001,40.880001,18.030001,18.030001
30.299999,145.940002,253.309998,39.950001,41.310001,17.17,17.17
32.189999,146.779999,251.639999,38.860001,42.040001,17.709999,17.709999
31.77,145.460007,240.369995,37.110001,39.970001,16.74,16.74
36.150002,156.800003,233.649994,39.759998,46.189999,17.129999,17.129999
38.57,159.169998,227.940002,39.619999,49.119999,16.82,16.82
42.049999,171.009995,229.830002,44.529999,53.380001,17.43,17.43
42.869999,172.410004,238.820007,45.16,58.290001,18.709999,18.709999
43.18,178.850006,241.720001,44.419998,58.630001,18.780001,18.780001
43.0,180.190002,245.830002,43.650002,58.900002,18.66,18.66
41.700001,177.600006,251.059998,46.779999,57.5,18.75,18.75
41.34,177.570007,250.309998,43.799999,56.299999,18.49,18.49
40.91,165.009995,222.970001,44.48,55.549999,16.559999,16.559999
41.889999,167.869995,222.539993,47.32,56.669998,16.33,16.33
42.68,176.210007,228.440002,47.91,59.860001,16.41,16.41
42.599998,171.490005,219.470001,46.669998,58.23,16.219999,16.219999
41.849998,168.259995,210.320007,46.43,57.139999,16.07,16.07
41.0,175.429993,208.020004,46.759998,56.549999,16.09,16.09
40.849998,179.350006,210.089996,45.669998,56.209999,16.969999,16.969999
39.91,170.779999,212.220001,43.529999,54.349998,16.73,16.73
42.07,177.600006,221.380005,45.509998,56.380001,17.43,17.43
42.029999,180.149994,227.139999,47.619999,57.169998,17.9,17.9
41.900002,168.669998,227.699997,46.110001,56.389999,18.16,18.16
40.630001,168.190002,222.929993,43.439999,54.66,17.51,17.51
40.549999,167.470001,222.990005,43.09,54.200001,17.27,17.27
40.110001,165.889999,228.460007,43.52,53.75,17.110001,17.110001
39.689999,165.580002,218.869995,42.57,52.91,16.26,16.26
40.099998,163.940002,209.600006,42.360001,52.610001,15.55,15.55
40.32,163.380005,212.070007,42.119999,52.799999,15.33,15.33
40.43,167.259995,212.570007,42.07,52.779999,15.73,15.73
39.490002,165.039993,208.350006,42.84,52.220001,15.85,15.85
41.610001,172.360001,217.869995,43.919998,53.959999,16.879999,16.879999
39.799999,165.009995,202.800003,43.369999,52.049999,16.25,16.25
38.939999,164.279999,204.990005,42.099998,50.75,16.290001,16.290001
36.990002,160.990005,201.649994,43.040001,50.189999,15.45,15.45
37.5,163.610001,203.570007,45.049999,52.099998,15.33,15.33
38.169998,165.580002,204.710007,46.419998,53.549999,15.0,15.0
37.549999,162.160004,198.960007,44.52,49.639999,14.45,14.45
39.27,166.110001,210.779999,44.98,51.93,14.91,14.91
39.75,169.139999,210.529999,44.18,53.0,15.02,15.02
41.77,195.679993,212.949997,47.290001,56.439999,15.29,15.29
40.889999,198.220001,211.559998,48.779999,55.200001,15.09,15.09
41.75,210.110001,217.160004,52.02,56.220001,15.58,15.58
42.709999,212.300003,225.350006,54.939999,57.0,15.76,15.76
42.560001,214.289993,224.210007,53.830002,56.650002,15.49,15.49
42.599998,214.330002,218.309998,52.560001,56.709999,15.47,15.47
41.41,211.25,215.850006,50.75,56.16,15.44,15.44
39.25,207.729996,210.220001,49.900002,48.98,14.66,14.66
39.200001,203.580002,211.529999,49.830002,49.68,15.15,15.15
39.57,207.289993,213.009995,50.700001,50.299999,14.57,14.57
38.110001,203.220001,205.759995,49.259998,48.240002,13.69,13.69
36.720001,206.559998,201.100006,48.220001,45.950001,13.5,13.5
35.029999,199.619995,183.639999,45.68,42.759998,12.37,12.37
35.860001,204.679993,192.509995,48.0,45.049999,12.69,12.69
41.25,209.25,207.630005,49.529999,49.200001,13.69,13.69
37.740002,205.009995,202.149994,48.080002,47.77,12.77,12.77
38.450001,210.190002,204.660004,49.02,47.75,12.6,12.6
38.619999,211.100006,195.990005,50.650002,47.900002,12.41,12.41
38.720001,210.139999,195.830002,49.52,48.23,12.39,12.39
37.869999,210.009995,193.520004,49.09,48.630001,12.2,12.2
39.099998,215.350006,203.949997,46.75,50.07,13.07,13.07
39.360001,213.320007,205.270004,46.66,50.59,13.25,13.25
39.810001,217.5,210.279999,46.84,51.02,13.84,13.84
39.919998,208.490005,202.600006,45.779999,49.889999,13.62,13.62
39.450001,208.139999,202.539993,45.130001,49.619999,13.74,13.74
38.32,201.610001,193.669998,44.0,47.82,13.16,13.16
37.900002,204.509995,191.0,44.470001,46.93,12.68,12.68
38.77,212.029999,195.800003,47.25,49.709999,13.21,13.21
38.849998,210.029999,196.880005,48.439999,50.290001,13.44,13.44
37.880001,207.889999,196.029999,45.66,48.450001,13.07,13.07
39.02,211.259995,209.690002,45.610001,50.279999,14.04,14.04
38.389999,208.399994,208.899994,45.610001,49.32,14.05,14.05
40.75,218.889999,224.919998,45.860001,50.459999,14.68,14.68
40.93,219.479996,227.869995,45.709999,49.720001,14.27,14.27
39.880001,218.190002,224.270004,45.369999,49.290001,13.63,13.63
40.299999,215.529999,224.789993,44.759998,48.919998,13.82,13.82
39.830002,216.889999,223.610001,43.849998,47.57,14.01,14.01
40.02,209.899994,224.600006,42.799999,46.0,14.21,14.21
39.110001,210.529999,220.600006,42.459999,45.82,13.89,13.89
37.59,199.509995,163.830002,42.330002,45.540001,12.59,12.59
37.639999,200.830002,164.179993,43.91,47.73,13.31,13.31
37.419998,182.580002,164.199997,45.919998,49.610001,13.22,13.22
36.93,180.850006,160.589996,47.779999,49.610001,12.94,12.94
36.07,176.399994,152.880005,45.419998,47.0,12.54,12.54
36.169998,174.330002,155.419998,42.77,47.419998,12.01,12.01
35.860001,171.589996,155.419998,41.889999,47.240002,10.96,10.96
37.220001,178.600006,159.649994,44.73,48.09,11.29,11.29
37.07,177.460007,163.289993,43.84,47.380001,11.35,11.35
36.060001,178.0,157.830002,42.110001,43.470001,11.11,11.11
36.57,180.740005,161.419998,41.48,43.889999,11.26,11.26
36.799999,183.190002,160.789993,43.25,43.540001,10.93,10.93
36.009998,231.690002,167.550003,42.779999,42.25,10.7,10.7
35.360001,221.589996,168.710007,42.669998,41.59,10.85,10.85
36.130001,212.800003,160.960007,41.66,41.099998,10.41,10.41
38.720001,209.759995,163.729996,41.189999,42.98,10.79,10.79
40.18,206.279999,163.720001,39.720001,44.060001,10.5,10.5
40.209999,203.529999,162.369995,38.52,43.779999,9.57,9.57
42.32,201.690002,164.649994,37.740002,44.349998,10.12,10.12
43.290001,200.889999,162.830002,39.740002,46.130001,10.27,10.27
43.259998,198.550003,164.050003,39.18,45.939999,10.31,10.31
42.799999,200.940002,164.589996,38.34,45.619999,10.35,10.35
43.560001,201.770004,165.199997,38.189999,45.049999,10.27,10.27
43.400002,202.399994,174.119995,36.919998,42.279999,10.91,10.91
41.799999,202.960007,173.880005,35.950001,41.91,10.6,10.6
40.48,208.740005,181.470001,37.389999,42.09,10.92,10.92
39.549999,206.740005,181.860001,38.360001,42.259998,10.89,10.89
40.049999,203.669998,182.729996,37.860001,41.849998,11.07,11.07
39.880001,196.820007,182.610001,38.18,42.029999,11.12,11.12
39.310001,191.759995,182.089996,39.130001,40.869999,11.22,11.22
38.240002,192.330002,181.399994,39.740002,40.740002,11.18,11.18
37.669998,192.0,174.580002,41.580002,41.549999,10.93,10.93
37.549999,196.240005,176.889999,40.709999,40.700001,11.35,11.35
37.119999,195.990005,179.660004,40.48,41.349998,11.58,11.58
37.369999,193.029999,179.199997,41.75,41.540001,11.24,11.24
39.549999,192.880005,180.509995,42.59,46.43,11.22,11.22
41.32,188.990005,181.809998,42.650002,47.389999,11.0,11.0
38.740002,186.100006,171.990005,39.43,43.650002,10.61,10.61
38.060001,184.580002,167.990005,39.049999,43.66,10.52,10.52
38.84,187.080002,162.529999,38.25,43.509998,10.42,10.42
36.939999,184.520004,158.690002,37.77,42.110001,10.09,10.09
36.310001,178.550003,159.210007,37.220001,42.009998,9.91,9.91
36.369999,182.729996,161.029999,37.48,42.52,10.1,10.1
37.34,184.220001,161.419998,37.549999,43.23,10.15,10.15
36.900002,184.009995,158.770004,38.23,43.169998,9.64,9.64
38.689999,190.089996,167.479996,39.700001,44.380001,9.8,9.8
38.32,191.389999,169.550003,39.060001,44.66,9.86,9.86
37.580002,186.949997,165.339996,38.759998,44.599998,9.68,9.68
37.169998,183.139999,161.380005,37.779999,42.400002,9.15,9.15
36.84,189.139999,166.169998,39.23,42.75,9.09,9.09
38.419998,190.820007,175.470001,39.459999,44.099998,9.35,9.35
37.349998,189.619995,173.779999,38.880001,43.060001,9.52,9.52
38.470001,194.960007,182.800003,40.09,44.099998,10.3,10.3
38.240002,196.949997,182.639999,40.09,44.73,10.42,10.42
36.939999,191.300003,177.940002,38.73,43.66,10.1,10.1
38.080002,206.710007,189.669998,38.990002,45.91,11.16,11.16
37.419998,201.570007,184.050003,38.259998,43.82,11.39,11.39
37.490002,198.580002,185.490005,38.389999,43.310001,11.31,11.31
37.610001,198.5,175.919998,37.639999,42.41,11.32,11.32
37.580002,197.910004,177.479996,37.23,42.299999,11.25,11.25
37.709999,197.660004,177.809998,37.700001,42.139999,11.59,11.59
37.389999,200.009995,179.470001,37.439999,42.23,11.22,11.22
36.82,197.410004,173.360001,38.16,42.040001,9.45,9.45
36.259998,198.800003,166.800003,37.389999,41.119999,9.23,9.23
36.599998,208.399994,154.330002,38.290001,42.25,9.26,9.26
36.16,207.399994,151.830002,39.07,42.450001,9.87,9.87
35.970001,202.679993,150.320007,38.049999,41.049999,9.87,9.87
35.09,194.279999,140.690002,36.049999,38.52,9.04,9.04
34.549999,196.240005,140.360001,34.34,38.549999,9.08,9.08
34.599998,194.380005,140.0,36.25,38.240002,8.67,8.67
34.23,195.600006,135.449997,37.400002,38.43,8.65,8.65
33.970001,196.100006,135.770004,36.900002,36.880001,8.5,8.5
34.549999,203.600006,138.460007,38.34,37.91,8.54,8.54
34.119999,205.009995,136.460007,37.759998,37.419998,8.32,8.32
32.82,204.869995,135.199997,35.110001,35.93,8.14,8.14
33.16,211.429993,138.589996,35.869999,35.860001,8.13,8.13
32.110001,199.830002,134.559998,35.439999,34.57,7.69,7.69
31.719999,191.889999,132.880005,35.299999,33.990002,7.46,7.46
31.1,183.440002,131.440002,35.610001,33.380001,7.48,7.48
30.75,181.910004,130.339996,35.139999,33.779999,7.22,7.22
30.76,181.699997,130.160004,34.790001,34.110001,7.12,7.12
26.790001,176.5,128.320007,34.400002,33.360001,7.19,7.19
26.889999,180.580002,130.360001,35.709999,32.009998,7.29,7.29
26.02,174.419998,122.339996,35.459999,30.639999,6.9,6.9
26.1,177.449997,124.089996,35.720001,30.4,6.95,6.95
26.370001,176.759995,125.300003,36.110001,30.76,6.85,6.85
27.65,181.610001,129.050003,37.099998,33.630001,7.41,7.41
28.290001,184.960007,128.110001,36.790001,33.349998,7.24,7.24
28.01,189.119995,126.529999,36.970001,33.529999,7.16,7.16
28.290001,186.369995,128.729996,36.810001,34.439999,7.29,7.29
28.01,186.479996,127.769997,36.240002,33.299999,7.04,7.04
27.209999,182.089996,123.029999,35.380001,32.18,6.7,6.7
25.92,180.5,122.230003,33.759998,29.82,6.53,6.53
26.25,183.210007,120.230003,33.98,29.08,6.62,6.62
26.35,179.369995,122.190002,33.48,29.190001,6.62,6.62
27.469999,180.940002,123.349998,32.869999,31.1,7.29,7.29
27.129999,170.5,119.599998,32.330002,29.85,6.99,6.99
27.860001,177.0,122.309998,33.41,30.559999,7.28,7.28
27.34,174.050003,120.300003,32.490002,30.030001,7.22,7.22
26.68,167.740005,117.160004,31.620001,29.33,6.77,6.77
26.84,169.179993,122.089996,30.559999,28.9,6.95,6.95
26.51,169.240005,123.970001,30.209999,28.07,6.84,6.84
26.17,166.240005,124.849998,30.549999,26.940001,6.62,6.62
25.809999,162.449997,119.919998,30.219999,27.15,6.37,6.37
25.200001,164.339996,121.099998,30.110001,26.540001,6.1,6.1
25.139999,161.389999,119.150002,30.719999,27.91,6.08,6.08
24.950001,158.610001,120.110001,30.370001,28.1,6.15,6.15
24.790001,161.5,120.019997,29.719999,29.299999,6.1,6.1
24.610001,161.589996,120.150002,30.27,30.370001,6.17,6.17
23.25,156.339996,116.839996,29.57,28.639999,5.62,5.62
22.450001,151.25,114.220001,28.77,29.459999,5.48,5.48
21.879999,151.820007,117.18,27.48,28.17,5.47,5.47
21.540001,145.350006,116.010002,26.17,27.25,5.45,5.45
21.889999,148.559998,119.160004,26.23,28.48,5.46,5.46
22.209999,143.800003,119.75,25.879999,28.549999,5.18,5.18
23.51,151.559998,125.75,27.719999,31.08,5.81,5.81
23.559999,151.5,128.610001,27.559999,31.51,5.78,5.78
22.66,149.389999,124.580002,27.040001,30.77,5.66,5.66
22.32,147.919998,123.809998,26.889999,30.450001,5.62,5.62
22.65,151.289993,127.110001,26.27,30.6,5.79,5.79
22.83,158.059998,129.240005,27.049999,31.59,5.85,5.85
22.190001,153.130005,123.839996,25.98,31.620001,5.7,5.7
21.77,151.970001,115.900002,25.469999,29.870001,5.57,5.57
20.68,150.770004,98.889999,24.860001,27.49,5.09,5.09
20.83,151.320007,96.290001,24.360001,27.639999,4.96,4.96
20.969999,155.899994,94.839996,24.719999,27.290001,4.96,4.96
20.41,151.360001,94.349998,23.82,26.299999,4.06,4.06
20.209999,151.149994,96.18,23.57,26.32,4.26,4.26
19.209999,143.259995,82.089996,23.33,25.889999,4.02,4.02
19.450001,136.320007,78.660004,24.700001,29.540001,4.0,4.0
19.98,142.449997,79.580002,25.459999,32.59,4.27,4.27
19.440001,142.839996,76.730003,24.9,30.66,4.03,4.03
21.07,147.589996,78.919998,25.49,31.959999,4.47,4.47
21.639999,151.940002,80.809998,26.120001,34.400002,4.57,4.57
21.559999,146.970001,78.18,26.389999,34.16,4.29,4.29
21.700001,144.330002,78.830002,26.309999,34.029999,4.27,4.27
20.809999,137.830002,76.900002,26.209999,33.889999,4.05,4.05
21.059999,132.529999,75.559998,26.24,35.220001,3.86,3.86
21.07,133.919998,77.980003,26.879999,36.119999,3.79,3.79
20.969999,133.839996,78.550003,27.540001,36.400002,3.81,3.81
21.58,149.139999,91.389999,28.559999,37.700001,4.39,4.39
20.549999,152.419998,92.809998,29.0,37.549999,4.67,4.67
20.51,154.509995,90.669998,27.809999,35.240002,4.33,4.33
20.450001,155.020004,92.860001,26.98,34.369999,4.57,4.57
20.809999,159.289993,98.5,27.16,34.950001,4.48,4.48
20.620001,158.600006,98.32,26.1,34.720001,4.2,4.2
20.98,159.720001,100.199997,26.32,35.009998,4.23,4.23
20.879999,154.380005,100.220001,25.969999,34.110001,4.18,4.18
20.27,154.649994,97.800003,24.83,32.25,4.02,4.02
20.68,155.020004,99.099998,24.01,31.33,4.06,4.06
20.91,155.429993,100.959999,24.280001,32.419998,4.28,4.28
21.030001,157.779999,101.019997,23.66,31.4,4.15,4.15
21.879999,160.289993,106.519997,24.780001,33.279999,4.82,4.82
22.639999,159.539993,108.870003,24.65,33.220001,5.14,5.14
21.93,155.389999,110.0,23.719999,31.799999,4.97,4.97
21.790001,145.289993,106.769997,22.959999,31.940001,4.87,4.87
22.059999,144.179993,107.169998,23.17,32.369999,4.99,4.99
22.09,145.380005,103.010002,23.110001,32.139999,4.76,4.76
22.290001,146.110001,103.550003,23.190001,32.299999,4.8,4.8
21.469999,139.899994,99.82,22.110001,30.99,4.43,4.43
22.969999,146.559998,107.610001,22.360001,32.16,5.22,5.22
23.790001,158.25,120.220001,23.030001,33.299999,6.02,6.02
24.190001,168.669998,123.919998,23.73,34.07,6.14,6.14
24.469999,165.940002,124.029999,23.34,33.5,4.22,4.22
25.299999,172.660004,135.320007,24.32,33.889999,4.77,4.77
24.23,164.600006,128.0,23.27,32.369999,4.42,4.42
25.17,170.039993,133.860001,25.33,35.189999,4.48,4.48
25.379999,170.389999,133.990005,25.0,35.0,4.46,4.46
25.82,171.940002,137.339996,25.41,35.68,4.79,4.79
25.809999,172.440002,135.630005,25.639999,35.549999,4.93,4.93
26.43,173.220001,134.789993,26.549999,37.419998,4.91,4.91
26.23,172.279999,132.139999,26.6,36.939999,4.83,4.83
25.74,172.160004,131.240005,25.18,34.98,4.88,4.88
25.200001,167.419998,122.629997,24.280001,33.889999,4.5,4.5
24.4,166.309998,118.07,23.6,33.099998,4.05,4.05
23.809999,166.869995,115.389999,23.610001,32.720001,3.97,3.97
24.209999,166.130005,116.0,23.209999,31.809999,3.88,3.88
24.35,166.910004,117.059998,23.15,31.08,3.91,3.91
23.559999,162.330002,117.540001,22.91,30.52,3.89,3.89
23.110001,160.289993,114.290001,22.700001,31.26,3.58,3.58
22.34,160.440002,110.220001,22.879999,30.389999,3.25,3.25
21.66,149.100006,108.75,21.389999,29.73,2.99,2.99
20.67,147.259995,105.550003,20.700001,28.15,2.94,2.94
19.950001,147.449997,106.660004,21.27,28.57,2.94,2.94
19.84,145.919998,103.589996,20.379999,27.620001,3.03,3.03
21.049999,149.910004,107.150002,20.09,28.5,3.21,3.21
24.040001,151.460007,111.300003,20.959999,30.280001,3.55,3.55
23.49,148.869995,108.07,19.629999,30.309999,3.21,3.21
23.32,149.229996,106.830002,19.66,29.1,3.28,3.28
22.969999,147.830002,105.370003,19.18,27.879999,3.2,3.2
22.85,149.300003,109.169998,19.02,27.85,3.44,3.44
22.459999,149.029999,106.349998,18.459999,26.950001,3.11,3.11
22.1,146.300003,104.129997,18.049999,26.23,3.03,3.03
22.92,147.889999,105.440002,18.18,27.02,3.7,3.7
21.98,141.820007,101.760002,17.85,26.120001,3.43,3.43
20.790001,139.800003,97.800003,17.790001,23.790001,3.08,3.08
21.280001,141.110001,100.510002,18.15,24.940001,3.25,3.25
22.07,145.460007,117.510002,19.4,26.309999,3.3,3.3
22.07,143.169998,116.879997,19.5,25.4,3.23,3.23
22.91,151.5,122.470001,19.83,26.190001,3.58,3.58
23.6,157.220001,128.899994,20.08,27.309999,4.16,4.16
21.889999,152.339996,123.559998,18.549999,25.860001,3.7,3.7
23.209999,158.240005,131.619995,19.040001,27.280001,4.26,4.26
23.809999,159.779999,136.389999,19.27,27.17,4.28,4.28
22.940001,156.979996,131.869995,19.620001,26.34,3.62,3.62
22.84,153.25,127.550003,19.09,25.950001,3.47,3.47
22.33,150.029999,126.239998,18.5,25.549999,3.43,3.43
21.370001,144.729996,123.440002,18.24,26.190001,3.16,3.16
21.17,142.889999,118.190002,18.5,26.09,3.18,3.18
21.129999,144.580002,119.839996,19.07,26.18,3.15,3.15
21.6,144.990005,121.110001,19.49,27.309999,3.28,3.28
20.83,149.25,119.099998,20.860001,26.540001,3.17,3.17
21.09,153.889999,127.010002,21.280001,27.040001,3.11,3.11
20.969999,158.050003,129.660004,22.889999,27.27,3.18,3.18
20.290001,156.699997,123.970001,22.93,26.5,3.25,3.25
19.66,159.059998,125.089996,22.49,26.459999,3.07,3.07
20.35,158.419998,125.360001,24.299999,27.530001,2.98,2.98
20.76,160.350006,129.690002,25.860001,27.790001,2.9,2.9
20.629999,161.350006,130.279999,28.049999,28.18,3.03,3.03
20.59,162.160004,128.690002,28.92,29.17,2.95,2.95
20.219999,159.380005,121.0,29.41,28.49,2.75,2.75
19.559999,158.039993,118.169998,29.209999,27.67,2.64,2.64
19.379999,149.389999,110.410004,27.110001,26.0,2.67,2.67
19.440001,147.419998,107.730003,26.690001,26.370001,2.83,2.83
19.139999,149.479996,111.190002,26.200001,26.459999,2.82,2.82
18.709999,147.479996,109.160004,26.23,26.450001,2.76,2.76
19.25,151.020004,113.699997,27.08,24.9,2.98,2.98
18.82,152.679993,115.379997,26.809999,23.66,2.99,2.99
18.18,153.309998,114.610001,27.469999,22.43,2.75,2.75
18.360001,154.770004,111.050003,26.59,22.17,2.57,2.57
17.98,153.160004,109.349998,26.34,22.51,2.49,2.49
19.4,167.449997,119.800003,26.709999,24.74,2.87,2.87
19.76,168.800003,120.980003,28.15,25.190001,3.0,3.0
19.709999,171.869995,118.290001,28.040001,25.200001,2.9,2.9
19.110001,167.169998,113.550003,26.98,23.91,2.8,2.8
19.43,166.729996,118.599998,26.91,24.34,2.9,2.9
18.540001,171.460007,120.779999,26.700001,23.83,2.85,2.85
17.15,174.600006,112.269997,27.040001,23.27,2.66,2.66
17.370001,179.220001,115.239998,25.92,23.68,2.62,2.62
18.74,184.699997,121.980003,26.959999,25.6,2.76,2.76
17.360001,185.289993,119.599998,25.709999,25.32,2.55,2.55
